Rev,Canada,Canada,Canada,Canada,Canada,Canada,Canada,Canada,Canada,Canada,NL,NL,NL,NL,NL,NL,NL,NL,NL,NL,PE,PE,PE,PE,PE,PE,PE,PE,PE,PE,NS,NS,NS,NS,NS,NS,NS,NS,NS,NS,NB,NB,NB,NB,NB,NB,NB,NB,NB,NB,PQ,PQ,PQ,PQ,PQ,PQ,PQ,PQ,PQ,PQ,ON,ON,ON,ON,ON,ON,ON,ON,ON,ON,MB,MB,MB,MB,MB,MB,MB,MB,MB,MB,SK,SK,SK,SK,SK,SK,SK,SK,SK,SK,AB,AB,AB,AB,AB,AB,AB,AB,AB,AB,BC,BC,BC,BC,BC,BC,BC,BC,BC,BC,YK,YK,YK,YK,YK,YK,YK,YK,YK,YK,NW,NW,NW,NW,NW,NW,NW,NW,NW,NW,NU,NU,NU,NU,NU,NU,NU,NU,NU,NU
Estimates,2007,2008,2009,2010,2011,2012,2013,2014,2015,2016,2007,2008,2009,2010,2011,2012,2013,2014,2015,2016,2007,2008,2009,2010,2011,2012,2013,2014,2015,2016,2007,2008,2009,2010,2011,2012,2013,2014,2015,2016,2007,2008,2009,2010,2011,2012,2013,2014,2015,2016,2007,2008,2009,2010,2011,2012,2013,2014,2015,2016,2007,2008,2009,2010,2011,2012,2013,2014,2015,2016,2007,2008,2009,2010,2011,2012,2013,2014,2015,2016,2007,2008,2009,2010,2011,2012,2013,2014,2015,2016,2007,2008,2009,2010,2011,2012,2013,2014,2015,2016,2007,2008,2009,2010,2011,2012,2013,2014,2015,2016,2007,2008,2009,2010,2011,2012,2013,2014,2015,2016,2007,2008,2009,2010,2011,2012,2013,2014,2015,2016,2007,2008,2009,2010,2011,2012,2013,2014,2015,2016
General governments revenue,"636,408","645,580","621,296","638,536","678,872","701,676","731,719","768,941","795,312","816,288","8,952","10,676","9,805","10,876","12,341","11,629","12,023","12,182","11,522","12,057","2,009","1,979","2,029","2,044","2,154","2,247","2,324","2,369","2,456","2,606","14,940","14,932","15,096","15,366","16,112","16,473","16,803","17,454","18,091","18,481","10,972","11,246","11,275","11,421","11,918","12,159","12,494","12,952","13,332","13,858","139,973","140,200","138,970","144,199","153,799","159,522","165,563","170,970","178,126","184,385","244,453","240,201","235,360","239,371","253,784","262,612","269,867","283,800","302,791","318,177","19,727","19,997","19,852","20,217","21,246","22,420","23,775","24,621","25,766","26,578","21,215","24,093","22,029","22,798","24,233","25,858","26,795","27,779","27,743","26,630","91,796","99,042","87,627","90,871","97,190","99,714","109,154","118,108","111,730","102,779","79,823","80,534","76,616","78,734","83,169","86,137","90,053","95,729","100,735","107,693",559,589,597,609,673,691,725,708,714,733,"1,339","1,399","1,315","1,317","1,495","1,446","1,376","1,463","1,464","1,420",435,411,441,503,568,585,591,626,652,691
Taxes on incomes,"256,729","259,162","243,242","242,346","260,801","271,934","283,094","301,620","316,486","325,829","2,884","3,303","3,035","3,133","3,712","3,722","3,897","4,100","4,252","4,389",689,664,675,681,730,781,815,840,894,975,"5,357","5,432","5,480","5,408","5,647","5,881","5,991","6,321","6,683","6,973","3,641","3,986","3,914","3,750","3,871","3,931","4,113","4,333","4,542","4,894","53,925","52,812","52,136","53,557","57,774","59,499","60,129","62,556","64,883","69,168","104,294","100,953","93,394","92,025","100,383","104,022","106,154","113,583","122,219","131,827","6,738","7,184","6,974","7,061","7,509","7,980","8,468","8,835","9,292","9,717","6,608","7,761","7,738","7,623","8,266","8,890","9,571","10,048","10,083","9,661","41,812","45,679","41,036","40,327","41,724","44,733","50,150","54,484","54,522","45,450","29,844","30,328","27,834","27,748","30,022","31,308","32,696","35,401","37,956","41,597",194,223,216,197,234,251,257,255,257,274,475,539,474,477,554,566,503,515,550,538,176,144,172,187,224,223,217,218,225,234
From households,"194,551","197,448","184,925","181,664","197,919","208,251","214,907","227,362","241,166","242,139","2,086","2,278","2,204","2,260","2,587","2,865","3,065","3,338","3,541","3,617",538,561,557,557,620,650,679,705,745,771,"4,246","4,373","4,432","4,358","4,633","4,821","4,860","5,141","5,466","5,505","3,044","3,272","3,208","3,013","3,228","3,278","3,416","3,593","3,758","3,888","42,499","41,706","40,799","41,504","44,671","46,845","47,499","49,525","51,337","52,694","79,416","79,114","72,997","71,246","76,357","80,164","81,141","85,739","92,743","95,025","5,536","5,861","5,732","5,749","6,152","6,489","6,812","7,081","7,529","7,790","4,959","5,308","5,362","5,140","5,754","6,322","6,832","7,007","7,125","7,019","28,462","30,581","26,942","25,533","29,169","30,940","34,228","36,896","38,263","33,507","23,040","23,593","21,889","21,501","23,868","24,969","25,490","27,433","29,715","31,370",160,187,177,169,204,221,220,215,219,229,316,343,319,313,354,376,363,382,411,404,157,117,143,149,171,164,169,176,186,188
Income taxes,"194,373","197,270","184,744","181,486","197,714","208,054","214,686","227,139","240,898","241,879","2,086","2,278","2,203","2,260","2,585","2,863","3,063","3,335","3,537","3,613",538,561,557,557,620,650,679,705,745,771,"4,239","4,366","4,424","4,351","4,626","4,812","4,852","5,133","5,458","5,497","3,043","3,271","3,207","3,012","3,227","3,277","3,415","3,593","3,757","3,888","42,499","41,706","40,799","41,504","44,671","46,845","47,499","49,525","51,337","52,694","79,307","79,005","72,882","71,138","76,228","80,041","81,001","85,589","92,575","94,856","5,536","5,861","5,732","5,749","6,152","6,489","6,812","7,081","7,529","7,790","4,954","5,303","5,357","5,134","5,748","6,315","6,824","7,000","7,117","7,011","28,462","30,581","26,942","25,533","29,169","30,940","34,228","36,896","38,263","33,507","22,984","23,537","21,838","21,445","23,808","24,914","25,428","27,378","29,636","31,299",160,187,177,169,204,221,220,215,219,229,316,343,319,313,354,376,363,382,411,404,157,117,143,149,171,164,169,176,186,188
Wealth transfer taxes,178,178,181,178,205,197,221,223,268,260,0,0,1,0,2,2,2,3,4,4,0,0,0,0,0,0,0,0,0,0,7,7,8,7,7,9,8,8,8,8,1,1,1,1,1,1,1,0,1,0,0,0,0,0,0,0,0,0,0,0,109,109,115,108,129,123,140,150,168,169,0,0,0,0,0,0,0,0,0,0,5,5,5,6,6,7,8,7,8,8,0,0,0,0,0,0,0,0,0,0,56,56,51,56,60,55,62,55,79,71,0,0,0,0,0,0,0,0,0,0,0,0,0,0,0,0,0,0,0,0,0,0,0,0,0,0,0,0,0,0
"From corporations and government business enterprises, liabilities","55,284","54,760","53,319","55,163","57,374","58,683","62,813","67,613","68,677","76,918",715,910,758,788,"1,035",791,775,699,655,715,134,91,109,114,99,120,126,125,137,189,986,936,959,952,933,986,"1,049","1,083","1,116","1,358",530,633,642,670,584,602,644,678,716,930,"10,186","9,963","10,483","11,075","12,081","11,745","11,690","11,934","12,404","15,235","22,228","19,517","18,764","19,054","21,933","21,992","23,069","25,395","26,884","33,907","1,066","1,162","1,124","1,177","1,229","1,368","1,516","1,581","1,591","1,751","1,460","2,177","2,168","2,244","2,288","2,354","2,512","2,748","2,676","2,410","11,801","13,225","12,742","13,290","11,389","12,682","14,631","15,974","14,867","10,876","5,987","5,913","5,368","5,588","5,543","5,785","6,593","7,199","7,433","9,340",30,32,35,25,27,28,35,37,35,42,144,177,141,151,184,175,129,122,127,123,17,24,26,35,49,55,44,38,36,42
From non-residents (withholding taxes),"6,894","6,954","4,998","5,519","5,508","5,000","5,374","6,645","6,643","6,772",83,115,73,85,90,66,57,63,56,57,17,12,9,10,11,11,10,10,12,15,125,123,89,98,81,74,82,97,101,110,67,81,64,67,59,51,53,62,68,76,"1,240","1,143",854,978,"1,022",909,940,"1,097","1,142","1,239","2,650","2,322","1,633","1,725","2,093","1,866","1,944","2,449","2,592","2,895",136,161,118,135,128,123,140,173,172,176,189,276,208,239,224,214,227,293,282,232,"1,549","1,873","1,352","1,504","1,166","1,111","1,291","1,614","1,392","1,067",817,822,577,659,611,554,613,769,808,887,4,4,4,3,3,2,2,3,3,3,15,19,14,13,16,15,11,11,12,11,2,3,3,3,4,4,4,4,3,4
Contributions to social insurance plans,"72,535","74,008","75,390","75,712","79,419","84,763","89,225","92,158","95,617","97,635","1,000","1,022","1,101","1,100","1,193","1,279","1,372","1,394","1,466","1,546",277,277,294,287,302,321,338,348,346,350,"1,851","1,849","1,915","1,896","1,985","2,090","2,191","2,261","2,351","2,238","1,546","1,562","1,613","1,588","1,649","1,711","1,770","1,815","1,888","1,824","15,508","16,716","17,282","18,619","18,793","20,112","20,902","21,631","22,189","22,757","28,827","28,638","29,042","28,614","30,209","32,215","34,138","35,219","36,814","37,387","2,428","2,457","2,578","2,515","2,657","2,832","2,989","3,095","3,229","3,265","1,958","2,037","2,193","2,187","2,352","2,525","2,695","2,770","2,875","2,971","9,085","9,377","9,312","9,070","9,854","10,602","11,060","11,397","11,635","12,083","9,678","9,703","9,688","9,454","10,018","10,651","11,330","11,769","12,341","12,736",117,117,123,129,136,139,139,142,147,136,183,175,164,164,177,188,197,209,224,217,52,54,60,62,66,70,75,78,82,96
Of which: employer and employee contributions to employment insurance,..,..,..,..,..,..,..,..,..,..,..,..,..,..,..,..,..,..,..,..,..,..,..,..,..,..,..,..,..,..,..,..,..,..,..,..,..,..,..,..,..,..,..,..,..,..,..,..,..,..,..,..,..,..,..,..,..,..,..,..,..,..,..,..,..,..,..,..,..,..,..,..,..,..,..,..,..,..,..,..,..,..,..,..,..,..,..,..,..,..,..,..,..,..,..,..,..,..,..,..,..,..,..,..,..,..,..,..,..,..,..,..,..,..,..,..,..,..,..,..,..,..,..,..,..,..,..,..,..,..,..,..,..,..,..,..,..,..,..,..
Taxes on production and imports,"185,900","184,820","187,969","197,523","205,821","212,452","219,449","229,447","240,836","249,288","2,319","2,330","2,458","2,699","2,789","2,955","2,998","3,142","3,247","3,528",651,646,683,700,728,731,747,771,789,836,"4,396","4,372","4,577","4,961","5,210","5,286","5,391","5,452","5,552","5,733","3,515","3,514","3,536","3,790","3,965","4,049","4,120","4,247","4,334","4,604","43,150","43,349","43,813","45,923","49,248","51,461","53,463","55,552","57,915","59,197","76,245","75,586","76,788","80,970","83,354","84,806","86,478","90,805","96,637","100,680","6,410","6,377","6,535","6,789","7,014","7,320","7,893","8,237","8,515","8,701","6,266","6,543","6,617","6,853","7,166","7,771","7,977","8,094","7,965","7,710","18,373","18,205","18,540","19,156","20,005","21,337","22,878","23,906","25,271","25,555","24,180","23,505","24,009","25,238","25,878","26,263","27,017","28,734","30,087","32,193",122,122,131,141,147,150,156,158,161,168,205,204,210,223,232,236,240,248,250,264,68,67,72,80,85,87,92,101,113,119
Taxes on production,"71,097","73,536","75,340","77,851","80,156","83,239","86,656","89,919","94,566","97,354",481,498,520,581,620,676,744,790,838,854,171,171,178,187,193,195,202,211,215,224,"1,195","1,222","1,277","1,353","1,413","1,488","1,496","1,520","1,573","1,615",984,"1,020","1,085","1,139","1,192","1,248","1,271","1,307","1,348","1,387","17,873","18,340","18,432","19,433","20,466","20,943","21,837","22,921","24,229","24,568","31,637","32,208","32,926","33,462","33,895","34,703","35,306","36,395","38,325","39,496","2,336","2,418","2,380","2,479","2,546","2,711","2,918","2,991","3,109","3,249","2,502","2,733","2,731","2,691","2,813","3,210","3,218","3,227","3,195","3,045","6,871","7,601","8,190","8,621","9,144","9,916","10,962","11,438","12,210","12,870","6,927","7,198","7,482","7,760","7,725","7,989","8,534","8,943","9,340","9,850",38,40,45,47,47,50,56,60,62,67,66,71,77,80,83,89,90,92,94,99,16,16,17,18,19,21,22,24,28,30
Natural resource licences and taxes,..,..,..,..,..,..,..,..,..,..,..,..,..,..,..,..,..,..,..,..,..,..,..,..,..,..,..,..,..,..,..,..,..,..,..,..,..,..,..,..,..,..,..,..,..,..,..,..,..,..,..,..,..,..,..,..,..,..,..,..,..,..,..,..,..,..,..,..,..,..,..,..,..,..,..,..,..,..,..,..,..,..,..,..,..,..,..,..,..,..,..,..,..,..,..,..,..,..,..,..,..,..,..,..,..,..,..,..,..,..,..,..,..,..,..,..,..,..,..,..,..,..,..,..,..,..,..,..,..,..,..,..,..,..,..,..,..,..,..,..
Motor vehicle licences,..,..,..,..,..,..,..,..,..,..,..,..,..,..,..,..,..,..,..,..,..,..,..,..,..,..,..,..,..,..,..,..,..,..,..,..,..,..,..,..,..,..,..,..,..,..,..,..,..,..,..,..,..,..,..,..,..,..,..,..,..,..,..,..,..,..,..,..,..,..,..,..,..,..,..,..,..,..,..,..,..,..,..,..,..,..,..,..,..,..,..,..,..,..,..,..,..,..,..,..,..,..,..,..,..,..,..,..,..,..,..,..,..,..,..,..,..,..,..,..,..,..,..,..,..,..,..,..,..,..,..,..,..,..,..,..,..,..,..,..
"Licences, permits and fees",..,..,..,..,..,..,..,..,..,..,..,..,..,..,..,..,..,..,..,..,..,..,..,..,..,..,..,..,..,..,..,..,..,..,..,..,..,..,..,..,..,..,..,..,..,..,..,..,..,..,..,..,..,..,..,..,..,..,..,..,..,..,..,..,..,..,..,..,..,..,..,..,..,..,..,..,..,..,..,..,..,..,..,..,..,..,..,..,..,..,..,..,..,..,..,..,..,..,..,..,..,..,..,..,..,..,..,..,..,..,..,..,..,..,..,..,..,..,..,..,..,..,..,..,..,..,..,..,..,..,..,..,..,..,..,..,..,..,..,..
Real property taxes,..,..,..,..,..,..,..,..,..,..,..,..,..,..,..,..,..,..,..,..,..,..,..,..,..,..,..,..,..,..,..,..,..,..,..,..,..,..,..,..,..,..,..,..,..,..,..,..,..,..,..,..,..,..,..,..,..,..,..,..,..,..,..,..,..,..,..,..,..,..,..,..,..,..,..,..,..,..,..,..,..,..,..,..,..,..,..,..,..,..,..,..,..,..,..,..,..,..,..,..,..,..,..,..,..,..,..,..,..,..,..,..,..,..,..,..,..,..,..,..,..,..,..,..,..,..,..,..,..,..,..,..,..,..,..,..,..,..,..,..
Capital taxes,..,..,..,..,..,..,..,..,..,..,..,..,..,..,..,..,..,..,..,..,..,..,..,..,..,..,..,..,..,..,..,..,..,..,..,..,..,..,..,..,..,..,..,..,..,..,..,..,..,..,..,..,..,..,..,..,..,..,..,..,..,..,..,..,..,..,..,..,..,..,..,..,..,..,..,..,..,..,..,..,..,..,..,..,..,..,..,..,..,..,..,..,..,..,..,..,..,..,..,..,..,..,..,..,..,..,..,..,..,..,..,..,..,..,..,..,..,..,..,..,..,..,..,..,..,..,..,..,..,..,..,..,..,..,..,..,..,..,..,..
Payroll taxes,..,..,..,..,..,..,..,..,..,..,..,..,..,..,..,..,..,..,..,..,..,..,..,..,..,..,..,..,..,..,..,..,..,..,..,..,..,..,..,..,..,..,..,..,..,..,..,..,..,..,..,..,..,..,..,..,..,..,..,..,..,..,..,..,..,..,..,..,..,..,..,..,..,..,..,..,..,..,..,..,..,..,..,..,..,..,..,..,..,..,..,..,..,..,..,..,..,..,..,..,..,..,..,..,..,..,..,..,..,..,..,..,..,..,..,..,..,..,..,..,..,..,..,..,..,..,..,..,..,..,..,..,..,..,..,..,..,..,..,..
Agricultural insurance premiums,..,..,..,..,..,..,..,..,..,..,..,..,..,..,..,..,..,..,..,..,..,..,..,..,..,..,..,..,..,..,..,..,..,..,..,..,..,..,..,..,..,..,..,..,..,..,..,..,..,..,..,..,..,..,..,..,..,..,..,..,..,..,..,..,..,..,..,..,..,..,..,..,..,..,..,..,..,..,..,..,..,..,..,..,..,..,..,..,..,..,..,..,..,..,..,..,..,..,..,..,..,..,..,..,..,..,..,..,..,..,..,..,..,..,..,..,..,..,..,..,..,..,..,..,..,..,..,..,..,..,..,..,..,..,..,..,..,..,..,..
Business taxes,..,..,..,..,..,..,..,..,..,..,..,..,..,..,..,..,..,..,..,..,..,..,..,..,..,..,..,..,..,..,..,..,..,..,..,..,..,..,..,..,..,..,..,..,..,..,..,..,..,..,..,..,..,..,..,..,..,..,..,..,..,..,..,..,..,..,..,..,..,..,..,..,..,..,..,..,..,..,..,..,..,..,..,..,..,..,..,..,..,..,..,..,..,..,..,..,..,..,..,..,..,..,..,..,..,..,..,..,..,..,..,..,..,..,..,..,..,..,..,..,..,..,..,..,..,..,..,..,..,..,..,..,..,..,..,..,..,..,..,..
Developers' fees,..,..,..,..,..,..,..,..,..,..,..,..,..,..,..,..,..,..,..,..,..,..,..,..,..,..,..,..,..,..,..,..,..,..,..,..,..,..,..,..,..,..,..,..,..,..,..,..,..,..,..,..,..,..,..,..,..,..,..,..,..,..,..,..,..,..,..,..,..,..,..,..,..,..,..,..,..,..,..,..,..,..,..,..,..,..,..,..,..,..,..,..,..,..,..,..,..,..,..,..,..,..,..,..,..,..,..,..,..,..,..,..,..,..,..,..,..,..,..,..,..,..,..,..,..,..,..,..,..,..,..,..,..,..,..,..,..,..,..,..
Other taxes on production,..,..,..,..,..,..,..,..,..,..,..,..,..,..,..,..,..,..,..,..,..,..,..,..,..,..,..,..,..,..,..,..,..,..,..,..,..,..,..,..,..,..,..,..,..,..,..,..,..,..,..,..,..,..,..,..,..,..,..,..,..,..,..,..,..,..,..,..,..,..,..,..,..,..,..,..,..,..,..,..,..,..,..,..,..,..,..,..,..,..,..,..,..,..,..,..,..,..,..,..,..,..,..,..,..,..,..,..,..,..,..,..,..,..,..,..,..,..,..,..,..,..,..,..,..,..,..,..,..,..,..,..,..,..,..,..,..,..,..,..
Taxes on products,"114,803","111,284","112,629","119,672","125,665","129,213","132,793","139,528","146,270","151,934","1,838","1,832","1,938","2,118","2,169","2,279","2,254","2,352","2,409","2,674",480,475,505,513,535,536,545,560,574,612,"3,201","3,150","3,300","3,608","3,797","3,798","3,895","3,932","3,979","4,118","2,531","2,494","2,451","2,651","2,773","2,801","2,849","2,940","2,986","3,217","25,277","25,009","25,381","26,490","28,782","30,518","31,626","32,631","33,686","34,629","44,608","43,378","43,862","47,508","49,459","50,103","51,171","54,410","58,312","61,184","4,074","3,959","4,155","4,310","4,468","4,609","4,975","5,246","5,406","5,452","3,764","3,810","3,886","4,162","4,353","4,561","4,759","4,867","4,770","4,665","11,502","10,604","10,350","10,535","10,861","11,421","11,916","12,468","13,061","12,685","17,253","16,307","16,527","17,478","18,153","18,274","18,483","19,791","20,747","22,343",84,82,86,94,100,100,100,98,99,101,139,133,133,143,149,147,150,156,156,165,52,51,55,62,66,66,70,77,85,89
Custom import duties,..,..,..,..,..,..,..,..,..,..,..,..,..,..,..,..,..,..,..,..,..,..,..,..,..,..,..,..,..,..,..,..,..,..,..,..,..,..,..,..,..,..,..,..,..,..,..,..,..,..,..,..,..,..,..,..,..,..,..,..,..,..,..,..,..,..,..,..,..,..,..,..,..,..,..,..,..,..,..,..,..,..,..,..,..,..,..,..,..,..,..,..,..,..,..,..,..,..,..,..,..,..,..,..,..,..,..,..,..,..,..,..,..,..,..,..,..,..,..,..,..,..,..,..,..,..,..,..,..,..,..,..,..,..,..,..,..,..,..,..
Sales taxes,..,..,..,..,..,..,..,..,..,..,..,..,..,..,..,..,..,..,..,..,..,..,..,..,..,..,..,..,..,..,..,..,..,..,..,..,..,..,..,..,..,..,..,..,..,..,..,..,..,..,..,..,..,..,..,..,..,..,..,..,..,..,..,..,..,..,..,..,..,..,..,..,..,..,..,..,..,..,..,..,..,..,..,..,..,..,..,..,..,..,..,..,..,..,..,..,..,..,..,..,..,..,..,..,..,..,..,..,..,..,..,..,..,..,..,..,..,..,..,..,..,..,..,..,..,..,..,..,..,..,..,..,..,..,..,..,..,..,..,..
Goods and services tax (GST),..,..,..,..,..,..,..,..,..,..,..,..,..,..,..,..,..,..,..,..,..,..,..,..,..,..,..,..,..,..,..,..,..,..,..,..,..,..,..,..,..,..,..,..,..,..,..,..,..,..,..,..,..,..,..,..,..,..,..,..,..,..,..,..,..,..,..,..,..,..,..,..,..,..,..,..,..,..,..,..,..,..,..,..,..,..,..,..,..,..,..,..,..,..,..,..,..,..,..,..,..,..,..,..,..,..,..,..,..,..,..,..,..,..,..,..,..,..,..,..,..,..,..,..,..,..,..,..,..,..,..,..,..,..,..,..,..,..,..,..
General sales taxes,..,..,..,..,..,..,..,..,..,..,..,..,..,..,..,..,..,..,..,..,..,..,..,..,..,..,..,..,..,..,..,..,..,..,..,..,..,..,..,..,..,..,..,..,..,..,..,..,..,..,..,..,..,..,..,..,..,..,..,..,..,..,..,..,..,..,..,..,..,..,..,..,..,..,..,..,..,..,..,..,..,..,..,..,..,..,..,..,..,..,..,..,..,..,..,..,..,..,..,..,..,..,..,..,..,..,..,..,..,..,..,..,..,..,..,..,..,..,..,..,..,..,..,..,..,..,..,..,..,..,..,..,..,..,..,..,..,..,..,..
Other sales taxes,..,..,..,..,..,..,..,..,..,..,..,..,..,..,..,..,..,..,..,..,..,..,..,..,..,..,..,..,..,..,..,..,..,..,..,..,..,..,..,..,..,..,..,..,..,..,..,..,..,..,..,..,..,..,..,..,..,..,..,..,..,..,..,..,..,..,..,..,..,..,..,..,..,..,..,..,..,..,..,..,..,..,..,..,..,..,..,..,..,..,..,..,..,..,..,..,..,..,..,..,..,..,..,..,..,..,..,..,..,..,..,..,..,..,..,..,..,..,..,..,..,..,..,..,..,..,..,..,..,..,..,..,..,..,..,..,..,..,..,..
Excise taxes,..,..,..,..,..,..,..,..,..,..,..,..,..,..,..,..,..,..,..,..,..,..,..,..,..,..,..,..,..,..,..,..,..,..,..,..,..,..,..,..,..,..,..,..,..,..,..,..,..,..,..,..,..,..,..,..,..,..,..,..,..,..,..,..,..,..,..,..,..,..,..,..,..,..,..,..,..,..,..,..,..,..,..,..,..,..,..,..,..,..,..,..,..,..,..,..,..,..,..,..,..,..,..,..,..,..,..,..,..,..,..,..,..,..,..,..,..,..,..,..,..,..,..,..,..,..,..,..,..,..,..,..,..,..,..,..,..,..,..,..
Excise duties,..,..,..,..,..,..,..,..,..,..,..,..,..,..,..,..,..,..,..,..,..,..,..,..,..,..,..,..,..,..,..,..,..,..,..,..,..,..,..,..,..,..,..,..,..,..,..,..,..,..,..,..,..,..,..,..,..,..,..,..,..,..,..,..,..,..,..,..,..,..,..,..,..,..,..,..,..,..,..,..,..,..,..,..,..,..,..,..,..,..,..,..,..,..,..,..,..,..,..,..,..,..,..,..,..,..,..,..,..,..,..,..,..,..,..,..,..,..,..,..,..,..,..,..,..,..,..,..,..,..,..,..,..,..,..,..,..,..,..,..
Of which: Cannabis taxes,..,..,..,..,..,..,..,..,..,..,..,..,..,..,..,..,..,..,..,..,..,..,..,..,..,..,..,..,..,..,..,..,..,..,..,..,..,..,..,..,..,..,..,..,..,..,..,..,..,..,..,..,..,..,..,..,..,..,..,..,..,..,..,..,..,..,..,..,..,..,..,..,..,..,..,..,..,..,..,..,..,..,..,..,..,..,..,..,..,..,..,..,..,..,..,..,..,..,..,..,..,..,..,..,..,..,..,..,..,..,..,..,..,..,..,..,..,..,..,..,..,..,..,..,..,..,..,..,..,..,..,..,..,..,..,..,..,..,..,..
Manufacturers' sales tax,..,..,..,..,..,..,..,..,..,..,..,..,..,..,..,..,..,..,..,..,..,..,..,..,..,..,..,..,..,..,..,..,..,..,..,..,..,..,..,..,..,..,..,..,..,..,..,..,..,..,..,..,..,..,..,..,..,..,..,..,..,..,..,..,..,..,..,..,..,..,..,..,..,..,..,..,..,..,..,..,..,..,..,..,..,..,..,..,..,..,..,..,..,..,..,..,..,..,..,..,..,..,..,..,..,..,..,..,..,..,..,..,..,..,..,..,..,..,..,..,..,..,..,..,..,..,..,..,..,..,..,..,..,..,..,..,..,..,..,..
Gasoline and motive fuel taxes,..,..,..,..,..,..,..,..,..,..,..,..,..,..,..,..,..,..,..,..,..,..,..,..,..,..,..,..,..,..,..,..,..,..,..,..,..,..,..,..,..,..,..,..,..,..,..,..,..,..,..,..,..,..,..,..,..,..,..,..,..,..,..,..,..,..,..,..,..,..,..,..,..,..,..,..,..,..,..,..,..,..,..,..,..,..,..,..,..,..,..,..,..,..,..,..,..,..,..,..,..,..,..,..,..,..,..,..,..,..,..,..,..,..,..,..,..,..,..,..,..,..,..,..,..,..,..,..,..,..,..,..,..,..,..,..,..,..,..,..
Oil export tax,..,..,..,..,..,..,..,..,..,..,..,..,..,..,..,..,..,..,..,..,..,..,..,..,..,..,..,..,..,..,..,..,..,..,..,..,..,..,..,..,..,..,..,..,..,..,..,..,..,..,..,..,..,..,..,..,..,..,..,..,..,..,..,..,..,..,..,..,..,..,..,..,..,..,..,..,..,..,..,..,..,..,..,..,..,..,..,..,..,..,..,..,..,..,..,..,..,..,..,..,..,..,..,..,..,..,..,..,..,..,..,..,..,..,..,..,..,..,..,..,..,..,..,..,..,..,..,..,..,..,..,..,..,..,..,..,..,..,..,..
Natural gas and gas liquids tax,..,..,..,..,..,..,..,..,..,..,..,..,..,..,..,..,..,..,..,..,..,..,..,..,..,..,..,..,..,..,..,..,..,..,..,..,..,..,..,..,..,..,..,..,..,..,..,..,..,..,..,..,..,..,..,..,..,..,..,..,..,..,..,..,..,..,..,..,..,..,..,..,..,..,..,..,..,..,..,..,..,..,..,..,..,..,..,..,..,..,..,..,..,..,..,..,..,..,..,..,..,..,..,..,..,..,..,..,..,..,..,..,..,..,..,..,..,..,..,..,..,..,..,..,..,..,..,..,..,..,..,..,..,..,..,..,..,..,..,..
Old Age Security Fund levy,..,..,..,..,..,..,..,..,..,..,..,..,..,..,..,..,..,..,..,..,..,..,..,..,..,..,..,..,..,..,..,..,..,..,..,..,..,..,..,..,..,..,..,..,..,..,..,..,..,..,..,..,..,..,..,..,..,..,..,..,..,..,..,..,..,..,..,..,..,..,..,..,..,..,..,..,..,..,..,..,..,..,..,..,..,..,..,..,..,..,..,..,..,..,..,..,..,..,..,..,..,..,..,..,..,..,..,..,..,..,..,..,..,..,..,..,..,..,..,..,..,..,..,..,..,..,..,..,..,..,..,..,..,..,..,..,..,..,..,..
Air travellers security charge,..,..,..,..,..,..,..,..,..,..,..,..,..,..,..,..,..,..,..,..,..,..,..,..,..,..,..,..,..,..,..,..,..,..,..,..,..,..,..,..,..,..,..,..,..,..,..,..,..,..,..,..,..,..,..,..,..,..,..,..,..,..,..,..,..,..,..,..,..,..,..,..,..,..,..,..,..,..,..,..,..,..,..,..,..,..,..,..,..,..,..,..,..,..,..,..,..,..,..,..,..,..,..,..,..,..,..,..,..,..,..,..,..,..,..,..,..,..,..,..,..,..,..,..,..,..,..,..,..,..,..,..,..,..,..,..,..,..,..,..
Parimutuel supervision,..,..,..,..,..,..,..,..,..,..,..,..,..,..,..,..,..,..,..,..,..,..,..,..,..,..,..,..,..,..,..,..,..,..,..,..,..,..,..,..,..,..,..,..,..,..,..,..,..,..,..,..,..,..,..,..,..,..,..,..,..,..,..,..,..,..,..,..,..,..,..,..,..,..,..,..,..,..,..,..,..,..,..,..,..,..,..,..,..,..,..,..,..,..,..,..,..,..,..,..,..,..,..,..,..,..,..,..,..,..,..,..,..,..,..,..,..,..,..,..,..,..,..,..,..,..,..,..,..,..,..,..,..,..,..,..,..,..,..,..
Petroleum compensation charge,..,..,..,..,..,..,..,..,..,..,..,..,..,..,..,..,..,..,..,..,..,..,..,..,..,..,..,..,..,..,..,..,..,..,..,..,..,..,..,..,..,..,..,..,..,..,..,..,..,..,..,..,..,..,..,..,..,..,..,..,..,..,..,..,..,..,..,..,..,..,..,..,..,..,..,..,..,..,..,..,..,..,..,..,..,..,..,..,..,..,..,..,..,..,..,..,..,..,..,..,..,..,..,..,..,..,..,..,..,..,..,..,..,..,..,..,..,..,..,..,..,..,..,..,..,..,..,..,..,..,..,..,..,..,..,..,..,..,..,..
Western Grain Stabilization levy,..,..,..,..,..,..,..,..,..,..,..,..,..,..,..,..,..,..,..,..,..,..,..,..,..,..,..,..,..,..,..,..,..,..,..,..,..,..,..,..,..,..,..,..,..,..,..,..,..,..,..,..,..,..,..,..,..,..,..,..,..,..,..,..,..,..,..,..,..,..,..,..,..,..,..,..,..,..,..,..,..,..,..,..,..,..,..,..,..,..,..,..,..,..,..,..,..,..,..,..,..,..,..,..,..,..,..,..,..,..,..,..,..,..,..,..,..,..,..,..,..,..,..,..,..,..,..,..,..,..,..,..,..,..,..,..,..,..,..,..
Canadian ownership charge,..,..,..,..,..,..,..,..,..,..,..,..,..,..,..,..,..,..,..,..,..,..,..,..,..,..,..,..,..,..,..,..,..,..,..,..,..,..,..,..,..,..,..,..,..,..,..,..,..,..,..,..,..,..,..,..,..,..,..,..,..,..,..,..,..,..,..,..,..,..,..,..,..,..,..,..,..,..,..,..,..,..,..,..,..,..,..,..,..,..,..,..,..,..,..,..,..,..,..,..,..,..,..,..,..,..,..,..,..,..,..,..,..,..,..,..,..,..,..,..,..,..,..,..,..,..,..,..,..,..,..,..,..,..,..,..,..,..,..,..
Tobacco taxes,..,..,..,..,..,..,..,..,..,..,..,..,..,..,..,..,..,..,..,..,..,..,..,..,..,..,..,..,..,..,..,..,..,..,..,..,..,..,..,..,..,..,..,..,..,..,..,..,..,..,..,..,..,..,..,..,..,..,..,..,..,..,..,..,..,..,..,..,..,..,..,..,..,..,..,..,..,..,..,..,..,..,..,..,..,..,..,..,..,..,..,..,..,..,..,..,..,..,..,..,..,..,..,..,..,..,..,..,..,..,..,..,..,..,..,..,..,..,..,..,..,..,..,..,..,..,..,..,..,..,..,..,..,..,..,..,..,..,..,..
Amusement taxes,..,..,..,..,..,..,..,..,..,..,..,..,..,..,..,..,..,..,..,..,..,..,..,..,..,..,..,..,..,..,..,..,..,..,..,..,..,..,..,..,..,..,..,..,..,..,..,..,..,..,..,..,..,..,..,..,..,..,..,..,..,..,..,..,..,..,..,..,..,..,..,..,..,..,..,..,..,..,..,..,..,..,..,..,..,..,..,..,..,..,..,..,..,..,..,..,..,..,..,..,..,..,..,..,..,..,..,..,..,..,..,..,..,..,..,..,..,..,..,..,..,..,..,..,..,..,..,..,..,..,..,..,..,..,..,..,..,..,..,..
Land transfer taxes,..,..,..,..,..,..,..,..,..,..,..,..,..,..,..,..,..,..,..,..,..,..,..,..,..,..,..,..,..,..,..,..,..,..,..,..,..,..,..,..,..,..,..,..,..,..,..,..,..,..,..,..,..,..,..,..,..,..,..,..,..,..,..,..,..,..,..,..,..,..,..,..,..,..,..,..,..,..,..,..,..,..,..,..,..,..,..,..,..,..,..,..,..,..,..,..,..,..,..,..,..,..,..,..,..,..,..,..,..,..,..,..,..,..,..,..,..,..,..,..,..,..,..,..,..,..,..,..,..,..,..,..,..,..,..,..,..,..,..,..
Liquor gallonage taxes,..,..,..,..,..,..,..,..,..,..,..,..,..,..,..,..,..,..,..,..,..,..,..,..,..,..,..,..,..,..,..,..,..,..,..,..,..,..,..,..,..,..,..,..,..,..,..,..,..,..,..,..,..,..,..,..,..,..,..,..,..,..,..,..,..,..,..,..,..,..,..,..,..,..,..,..,..,..,..,..,..,..,..,..,..,..,..,..,..,..,..,..,..,..,..,..,..,..,..,..,..,..,..,..,..,..,..,..,..,..,..,..,..,..,..,..,..,..,..,..,..,..,..,..,..,..,..,..,..,..,..,..,..,..,..,..,..,..,..,..
Cannabis taxes,..,..,..,..,..,..,..,..,..,..,..,..,..,..,..,..,..,..,..,..,..,..,..,..,..,..,..,..,..,..,..,..,..,..,..,..,..,..,..,..,..,..,..,..,..,..,..,..,..,..,..,..,..,..,..,..,..,..,..,..,..,..,..,..,..,..,..,..,..,..,..,..,..,..,..,..,..,..,..,..,..,..,..,..,..,..,..,..,..,..,..,..,..,..,..,..,..,..,..,..,..,..,..,..,..,..,..,..,..,..,..,..,..,..,..,..,..,..,..,..,..,..,..,..,..,..,..,..,..,..,..,..,..,..,..,..,..,..,..,..
Deed transfer taxes,..,..,..,..,..,..,..,..,..,..,..,..,..,..,..,..,..,..,..,..,..,..,..,..,..,..,..,..,..,..,..,..,..,..,..,..,..,..,..,..,..,..,..,..,..,..,..,..,..,..,..,..,..,..,..,..,..,..,..,..,..,..,..,..,..,..,..,..,..,..,..,..,..,..,..,..,..,..,..,..,..,..,..,..,..,..,..,..,..,..,..,..,..,..,..,..,..,..,..,..,..,..,..,..,..,..,..,..,..,..,..,..,..,..,..,..,..,..,..,..,..,..,..,..,..,..,..,..,..,..,..,..,..,..,..,..,..,..,..,..
Meal and hotel taxes,..,..,..,..,..,..,..,..,..,..,..,..,..,..,..,..,..,..,..,..,..,..,..,..,..,..,..,..,..,..,..,..,..,..,..,..,..,..,..,..,..,..,..,..,..,..,..,..,..,..,..,..,..,..,..,..,..,..,..,..,..,..,..,..,..,..,..,..,..,..,..,..,..,..,..,..,..,..,..,..,..,..,..,..,..,..,..,..,..,..,..,..,..,..,..,..,..,..,..,..,..,..,..,..,..,..,..,..,..,..,..,..,..,..,..,..,..,..,..,..,..,..,..,..,..,..,..,..,..,..,..,..,..,..,..,..,..,..,..,..
Other excise taxes,..,..,..,..,..,..,..,..,..,..,..,..,..,..,..,..,..,..,..,..,..,..,..,..,..,..,..,..,..,..,..,..,..,..,..,..,..,..,..,..,..,..,..,..,..,..,..,..,..,..,..,..,..,..,..,..,..,..,..,..,..,..,..,..,..,..,..,..,..,..,..,..,..,..,..,..,..,..,..,..,..,..,..,..,..,..,..,..,..,..,..,..,..,..,..,..,..,..,..,..,..,..,..,..,..,..,..,..,..,..,..,..,..,..,..,..,..,..,..,..,..,..,..,..,..,..,..,..,..,..,..,..,..,..,..,..,..,..,..,..
Federal-provincial lottery agreement,..,..,..,..,..,..,..,..,..,..,..,..,..,..,..,..,..,..,..,..,..,..,..,..,..,..,..,..,..,..,..,..,..,..,..,..,..,..,..,..,..,..,..,..,..,..,..,..,..,..,..,..,..,..,..,..,..,..,..,..,..,..,..,..,..,..,..,..,..,..,..,..,..,..,..,..,..,..,..,..,..,..,..,..,..,..,..,..,..,..,..,..,..,..,..,..,..,..,..,..,..,..,..,..,..,..,..,..,..,..,..,..,..,..,..,..,..,..,..,..,..,..,..,..,..,..,..,..,..,..,..,..,..,..,..,..,..,..,..,..
Liquor trading profits,..,..,..,..,..,..,..,..,..,..,..,..,..,..,..,..,..,..,..,..,..,..,..,..,..,..,..,..,..,..,..,..,..,..,..,..,..,..,..,..,..,..,..,..,..,..,..,..,..,..,..,..,..,..,..,..,..,..,..,..,..,..,..,..,..,..,..,..,..,..,..,..,..,..,..,..,..,..,..,..,..,..,..,..,..,..,..,..,..,..,..,..,..,..,..,..,..,..,..,..,..,..,..,..,..,..,..,..,..,..,..,..,..,..,..,..,..,..,..,..,..,..,..,..,..,..,..,..,..,..,..,..,..,..,..,..,..,..,..,..
Gaming trading profits,..,..,..,..,..,..,..,..,..,..,..,..,..,..,..,..,..,..,..,..,..,..,..,..,..,..,..,..,..,..,..,..,..,..,..,..,..,..,..,..,..,..,..,..,..,..,..,..,..,..,..,..,..,..,..,..,..,..,..,..,..,..,..,..,..,..,..,..,..,..,..,..,..,..,..,..,..,..,..,..,..,..,..,..,..,..,..,..,..,..,..,..,..,..,..,..,..,..,..,..,..,..,..,..,..,..,..,..,..,..,..,..,..,..,..,..,..,..,..,..,..,..,..,..,..,..,..,..,..,..,..,..,..,..,..,..,..,..,..,..
Cannabis trading profits,..,..,..,..,..,..,..,..,..,..,..,..,..,..,..,..,..,..,..,..,..,..,..,..,..,..,..,..,..,..,..,..,..,..,..,..,..,..,..,..,..,..,..,..,..,..,..,..,..,..,..,..,..,..,..,..,..,..,..,..,..,..,..,..,..,..,..,..,..,..,..,..,..,..,..,..,..,..,..,..,..,..,..,..,..,..,..,..,..,..,..,..,..,..,..,..,..,..,..,..,..,..,..,..,..,..,..,..,..,..,..,..,..,..,..,..,..,..,..,..,..,..,..,..,..,..,..,..,..,..,..,..,..,..,..,..,..,..,..,..
Other current transfers from households,"9,585","9,497","10,327","10,748","11,147","11,369","11,790","11,923","12,595","12,699",62,63,70,86,79,75,80,79,77,87,22,21,22,20,29,36,38,33,33,48,182,178,203,228,227,188,202,205,214,210,147,140,171,181,197,169,171,189,180,172,"3,329","3,399","3,698","3,846","4,024","4,115","4,369","4,341","4,422","4,477","2,986","2,785","3,158","3,383","3,420","3,464","3,543","3,494","3,682","3,779",277,281,262,280,282,299,291,325,362,387,723,782,811,922,957,"1,020","1,049","1,096","1,360","1,216",923,892,912,898,994,"1,041","1,148","1,273","1,288","1,322",923,945,"1,006",889,921,946,879,874,964,988,4,4,5,5,6,6,7,3,2,2,7,7,9,10,11,10,13,11,11,11,0,0,0,0,0,0,1,0,0,0
Motor vehicle and drivers licences,..,..,..,..,..,..,..,..,..,..,..,..,..,..,..,..,..,..,..,..,..,..,..,..,..,..,..,..,..,..,..,..,..,..,..,..,..,..,..,..,..,..,..,..,..,..,..,..,..,..,..,..,..,..,..,..,..,..,..,..,..,..,..,..,..,..,..,..,..,..,..,..,..,..,..,..,..,..,..,..,..,..,..,..,..,..,..,..,..,..,..,..,..,..,..,..,..,..,..,..,..,..,..,..,..,..,..,..,..,..,..,..,..,..,..,..,..,..,..,..,..,..,..,..,..,..,..,..,..,..,..,..,..,..,..,..,..,..,..,..
Health insurance premiums,..,..,..,..,..,..,..,..,..,..,..,..,..,..,..,..,..,..,..,..,..,..,..,..,..,..,..,..,..,..,..,..,..,..,..,..,..,..,..,..,..,..,..,..,..,..,..,..,..,..,..,..,..,..,..,..,..,..,..,..,..,..,..,..,..,..,..,..,..,..,..,..,..,..,..,..,..,..,..,..,..,..,..,..,..,..,..,..,..,..,..,..,..,..,..,..,..,..,..,..,..,..,..,..,..,..,..,..,..,..,..,..,..,..,..,..,..,..,..,..,..,..,..,..,..,..,..,..,..,..,..,..,..,..,..,..,..,..,..,..
Other transfers from households,..,..,..,..,..,..,..,..,..,..,..,..,..,..,..,..,..,..,..,..,..,..,..,..,..,..,..,..,..,..,..,..,..,..,..,..,..,..,..,..,..,..,..,..,..,..,..,..,..,..,..,..,..,..,..,..,..,..,..,..,..,..,..,..,..,..,..,..,..,..,..,..,..,..,..,..,..,..,..,..,..,..,..,..,..,..,..,..,..,..,..,..,..,..,..,..,..,..,..,..,..,..,..,..,..,..,..,..,..,..,..,..,..,..,..,..,..,..,..,..,..,..,..,..,..,..,..,..,..,..,..,..,..,..,..,..,..,..,..,..
Current transfers from non-profit institutions serving households,"2,853","2,649","3,359","3,388","3,517","3,619","3,636","3,773","3,819","3,477",4,4,10,11,13,8,8,12,9,10,9,9,11,10,16,24,23,21,21,19,84,81,113,125,135,92,102,104,102,93,45,40,82,81,95,67,64,92,66,60,505,497,509,490,548,544,562,566,554,534,"1,297","1,135","1,698","1,696","1,723","1,842","1,819","1,802","1,875","1,689",96,100,85,89,84,88,87,101,122,128,103,104,107,139,126,146,142,139,170,113,361,349,317,306,300,302,387,480,412,360,348,329,423,437,473,502,438,455,487,470,1,1,1,1,1,1,1,1,1,1,0,0,3,3,3,3,3,0,0,0,0,0,0,0,0,0,0,0,0,0
Current transfers from general governments,..,..,..,..,..,..,..,..,..,..,..,..,..,..,..,..,..,..,..,..,..,..,..,..,..,..,..,..,..,..,..,..,..,..,..,..,..,..,..,..,..,..,..,..,..,..,..,..,..,..,..,..,..,..,..,..,..,..,..,..,..,..,..,..,..,..,..,..,..,..,..,..,..,..,..,..,..,..,..,..,..,..,..,..,..,..,..,..,..,..,..,..,..,..,..,..,..,..,..,..,..,..,..,..,..,..,..,..,..,..,..,..,..,..,..,..,..,..,..,..,..,..,..,..,..,..,..,..,..,..,..,..,..,..,..,..,..,..,..,..
From federal general government,..,..,..,..,..,..,..,..,..,..,..,..,..,..,..,..,..,..,..,..,..,..,..,..,..,..,..,..,..,..,..,..,..,..,..,..,..,..,..,..,..,..,..,..,..,..,..,..,..,..,..,..,..,..,..,..,..,..,..,..,..,..,..,..,..,..,..,..,..,..,..,..,..,..,..,..,..,..,..,..,..,..,..,..,..,..,..,..,..,..,..,..,..,..,..,..,..,..,..,..,..,..,..,..,..,..,..,..,..,..,..,..,..,..,..,..,..,..,..,..,..,..,..,..,..,..,..,..,..,..,..,..,..,..,..,..,..,..,..,..
From provincial and territorial general governments,..,..,..,..,..,..,..,..,..,..,..,..,..,..,..,..,..,..,..,..,..,..,..,..,..,..,..,..,..,..,..,..,..,..,..,..,..,..,..,..,..,..,..,..,..,..,..,..,..,..,..,..,..,..,..,..,..,..,..,..,..,..,..,..,..,..,..,..,..,..,..,..,..,..,..,..,..,..,..,..,..,..,..,..,..,..,..,..,..,..,..,..,..,..,..,..,..,..,..,..,..,..,..,..,..,..,..,..,..,..,..,..,..,..,..,..,..,..,..,..,..,..,..,..,..,..,..,..,..,..,..,..,..,..,..,..,..,..,..,..
From local general governments,..,..,..,..,..,..,..,..,..,..,..,..,..,..,..,..,..,..,..,..,..,..,..,..,..,..,..,..,..,..,..,..,..,..,..,..,..,..,..,..,..,..,..,..,..,..,..,..,..,..,..,..,..,..,..,..,..,..,..,..,..,..,..,..,..,..,..,..,..,..,..,..,..,..,..,..,..,..,..,..,..,..,..,..,..,..,..,..,..,..,..,..,..,..,..,..,..,..,..,..,..,..,..,..,..,..,..,..,..,..,..,..,..,..,..,..,..,..,..,..,..,..,..,..,..,..,..,..,..,..,..,..,..,..,..,..,..,..,..,..
From Aboriginal general governments,..,..,..,..,..,..,..,..,..,..,..,..,..,..,..,..,..,..,..,..,..,..,..,..,..,..,..,..,..,..,..,..,..,..,..,..,..,..,..,..,..,..,..,..,..,..,..,..,..,..,..,..,..,..,..,..,..,..,..,..,..,..,..,..,..,..,..,..,..,..,..,..,..,..,..,..,..,..,..,..,..,..,..,..,..,..,..,..,..,..,..,..,..,..,..,..,..,..,..,..,..,..,..,..,..,..,..,..,..,..,..,..,..,..,..,..,..,..,..,..,..,..,..,..,..,..,..,..,..,..,..,..,..,..,..,..,..,..,..,..
Other current transfers from non-residents,415,452,421,443,463,473,506,523,536,540,5,7,6,7,8,6,5,5,5,5,1,1,1,1,1,1,1,1,1,1,8,8,8,8,7,7,8,8,8,9,4,5,5,5,5,5,5,5,6,6,75,74,72,78,86,86,88,86,92,99,160,152,137,139,176,178,184,192,209,230,8,10,10,11,11,12,13,14,14,14,11,18,18,19,19,20,21,23,23,19,93,123,114,121,98,105,121,127,112,85,49,53,49,53,51,52,58,61,65,71,0,0,0,0,0,0,0,0,0,0,1,1,1,1,1,1,1,1,1,1,0,0,0,0,0,0,0,0,0,0
Investment income,"53,290","56,413","40,553","46,039","52,487","49,621","53,397","56,432","48,184","48,299","1,821","3,031","2,272","2,920","3,526","2,559","2,580","2,332","1,321","1,338",100,87,81,87,91,88,91,89,96,97,"1,158","1,049",833,722,797,732,714,784,786,812,958,829,735,802,844,895,898,869,903,837,"12,267","11,215","9,941","9,782","10,718","10,848","12,531","12,996","13,253","14,358","8,314","7,624","6,763","7,459","8,539","9,245","9,800","9,406","10,674","10,223","1,974","1,684","1,453","1,504","1,586","1,689","1,682","1,549","1,662","1,710","3,729","4,920","2,521","2,990","3,143","3,193","2,834","3,016","2,540","2,177","15,514","18,342","10,832","14,054","16,868","13,763","15,063","17,757","9,609","9,188","7,093","7,276","4,786","5,404","5,989","6,296","6,906","7,301","7,061","7,332",41,40,37,41,46,45,55,53,52,52,296,293,282,247,312,235,209,245,191,137,23,21,14,25,26,31,29,32,32,34
Royalties,..,..,..,..,..,..,..,..,..,..,..,..,..,..,..,..,..,..,..,..,..,..,..,..,..,..,..,..,..,..,..,..,..,..,..,..,..,..,..,..,..,..,..,..,..,..,..,..,..,..,..,..,..,..,..,..,..,..,..,..,..,..,..,..,..,..,..,..,..,..,..,..,..,..,..,..,..,..,..,..,..,..,..,..,..,..,..,..,..,..,..,..,..,..,..,..,..,..,..,..,..,..,..,..,..,..,..,..,..,..,..,..,..,..,..,..,..,..,..,..,..,..,..,..,..,..,..,..,..,..,..,..,..,..,..,..,..,..,..,..
Interest and other investment income,..,..,..,..,..,..,..,..,..,..,..,..,..,..,..,..,..,..,..,..,..,..,..,..,..,..,..,..,..,..,..,..,..,..,..,..,..,..,..,..,..,..,..,..,..,..,..,..,..,..,..,..,..,..,..,..,..,..,..,..,..,..,..,..,..,..,..,..,..,..,..,..,..,..,..,..,..,..,..,..,..,..,..,..,..,..,..,..,..,..,..,..,..,..,..,..,..,..,..,..,..,..,..,..,..,..,..,..,..,..,..,..,..,..,..,..,..,..,..,..,..,..,..,..,..,..,..,..,..,..,..,..,..,..,..,..,..,..,..,..
Remitted profits of government business enterprises,..,..,..,..,..,..,..,..,..,..,..,..,..,..,..,..,..,..,..,..,..,..,..,..,..,..,..,..,..,..,..,..,..,..,..,..,..,..,..,..,..,..,..,..,..,..,..,..,..,..,..,..,..,..,..,..,..,..,..,..,..,..,..,..,..,..,..,..,..,..,..,..,..,..,..,..,..,..,..,..,..,..,..,..,..,..,..,..,..,..,..,..,..,..,..,..,..,..,..,..,..,..,..,..,..,..,..,..,..,..,..,..,..,..,..,..,..,..,..,..,..,..,..,..,..,..,..,..,..,..,..,..,..,..,..,..,..,..,..,..
Sales of goods and services,"53,638","56,826","59,941","62,171","65,215","67,442","70,621","73,065","76,074","78,521",831,841,853,920,"1,021","1,025","1,083","1,118","1,145","1,154",247,264,262,258,257,265,271,266,276,280,"1,814","1,871","1,967","2,018","2,104","2,197","2,204","2,319","2,395","2,413","1,064","1,098","1,219","1,224","1,292","1,332","1,353","1,402","1,413","1,461","10,920","11,440","11,438","11,745","12,608","12,856","13,518","13,242","13,653","13,795","21,694","22,801","24,373","25,080","25,978","26,838","27,751","29,299","30,681","32,362","1,738","1,864","1,954","1,968","2,103","2,200","2,352","2,465","2,570","2,656","1,782","1,901","2,023","2,065","2,204","2,293","2,506","2,593","2,727","2,763","5,535","6,018","6,562","6,938","7,347","7,831","8,347","8,684","8,881","8,736","7,560","8,239","8,819","9,510","9,817","10,119","10,729","11,134","11,774","12,306",77,82,84,95,103,99,110,96,94,100,166,180,172,192,205,207,210,234,237,252,114,125,123,149,167,174,177,197,200,208
Capital transfers,"1,463","1,753",94,166,2,3,1,0,"1,165",0,26,75,0,0,0,0,0,0,0,0,13,10,0,0,0,0,0,0,0,0,90,92,0,0,0,0,0,0,0,0,52,72,0,0,0,0,0,0,0,0,294,698,81,159,0,1,1,0,"1,165",0,636,526,7,5,2,2,0,0,0,0,58,40,1,0,0,0,0,0,0,0,35,27,1,0,0,0,0,0,0,0,100,57,2,1,0,0,0,0,0,0,148,156,2,1,0,0,0,0,0,0,3,0,0,0,0,0,0,0,0,0,6,0,0,0,0,0,0,0,0,0,2,0,0,0,0,0,0,0,0,0
From households,"1,463",21,17,10,2,3,1,0,0,0,26,0,0,0,0,0,0,0,0,0,13,0,0,0,0,0,0,0,0,0,90,1,0,0,0,0,0,0,0,0,52,0,0,0,0,0,0,0,0,0,294,5,4,3,0,1,1,0,0,0,636,8,7,5,2,2,0,0,0,0,58,1,1,0,0,0,0,0,0,0,35,1,1,0,0,0,0,0,0,0,100,2,2,1,0,0,0,0,0,0,148,3,2,1,0,0,0,0,0,0,3,0,0,0,0,0,0,0,0,0,6,0,0,0,0,0,0,0,0,0,2,0,0,0,0,0,0,0,0,0
From non-profit institutions serving households,0,0,0,0,0,0,0,0,0,0,0,0,0,0,0,0,0,0,0,0,0,0,0,0,0,0,0,0,0,0,0,0,0,0,0,0,0,0,0,0,0,0,0,0,0,0,0,0,0,0,0,0,0,0,0,0,0,0,0,0,0,0,0,0,0,0,0,0,0,0,0,0,0,0,0,0,0,0,0,0,0,0,0,0,0,0,0,0,0,0,0,0,0,0,0,0,0,0,0,0,0,0,0,0,0,0,0,0,0,0,0,0,0,0,0,0,0,0,0,0,0,0,0,0,0,0,0,0,0,0,0,0,0,0,0,0,0,0,0,0
From business,0,"1,732",77,156,0,0,0,0,"1,165",0,0,75,0,0,0,0,0,0,0,0,0,10,0,0,0,0,0,0,0,0,0,91,0,0,0,0,0,0,0,0,0,72,0,0,0,0,0,0,0,0,0,693,77,156,0,0,0,0,"1,165",0,0,518,0,0,0,0,0,0,0,0,0,39,0,0,0,0,0,0,0,0,0,26,0,0,0,0,0,0,0,0,0,55,0,0,0,0,0,0,0,0,0,153,0,0,0,0,0,0,0,0,0,0,0,0,0,0,0,0,0,0,0,0,0,0,0,0,0,0,0,0,0,0,0,0,0,0,0,0,0,0
From general governments,..,..,..,..,..,..,..,..,..,..,..,..,..,..,..,..,..,..,..,..,..,..,..,..,..,..,..,..,..,..,..,..,..,..,..,..,..,..,..,..,..,..,..,..,..,..,..,..,..,..,..,..,..,..,..,..,..,..,..,..,..,..,..,..,..,..,..,..,..,..,..,..,..,..,..,..,..,..,..,..,..,..,..,..,..,..,..,..,..,..,..,..,..,..,..,..,..,..,..,..,..,..,..,..,..,..,..,..,..,..,..,..,..,..,..,..,..,..,..,..,..,..,..,..,..,..,..,..,..,..,..,..,..,..,..,..,..,..,..,..
From federal general government,..,..,..,..,..,..,..,..,..,..,..,..,..,..,..,..,..,..,..,..,..,..,..,..,..,..,..,..,..,..,..,..,..,..,..,..,..,..,..,..,..,..,..,..,..,..,..,..,..,..,..,..,..,..,..,..,..,..,..,..,..,..,..,..,..,..,..,..,..,..,..,..,..,..,..,..,..,..,..,..,..,..,..,..,..,..,..,..,..,..,..,..,..,..,..,..,..,..,..,..,..,..,..,..,..,..,..,..,..,..,..,..,..,..,..,..,..,..,..,..,..,..,..,..,..,..,..,..,..,..,..,..,..,..,..,..,..,..,..,..
From provincial and territorial general governments,..,..,..,..,..,..,..,..,..,..,..,..,..,..,..,..,..,..,..,..,..,..,..,..,..,..,..,..,..,..,..,..,..,..,..,..,..,..,..,..,..,..,..,..,..,..,..,..,..,..,..,..,..,..,..,..,..,..,..,..,..,..,..,..,..,..,..,..,..,..,..,..,..,..,..,..,..,..,..,..,..,..,..,..,..,..,..,..,..,..,..,..,..,..,..,..,..,..,..,..,..,..,..,..,..,..,..,..,..,..,..,..,..,..,..,..,..,..,..,..,..,..,..,..,..,..,..,..,..,..,..,..,..,..,..,..,..,..,..,..
From local general governments,..,..,..,..,..,..,..,..,..,..,..,..,..,..,..,..,..,..,..,..,..,..,..,..,..,..,..,..,..,..,..,..,..,..,..,..,..,..,..,..,..,..,..,..,..,..,..,..,..,..,..,..,..,..,..,..,..,..,..,..,..,..,..,..,..,..,..,..,..,..,..,..,..,..,..,..,..,..,..,..,..,..,..,..,..,..,..,..,..,..,..,..,..,..,..,..,..,..,..,..,..,..,..,..,..,..,..,..,..,..,..,..,..,..,..,..,..,..,..,..,..,..,..,..,..,..,..,..,..,..,..,..,..,..,..,..,..,..,..,..
From Aboriginal general governments,..,..,..,..,..,..,..,..,..,..,..,..,..,..,..,..,..,..,..,..,..,..,..,..,..,..,..,..,..,..,..,..,..,..,..,..,..,..,..,..,..,..,..,..,..,..,..,..,..,..,..,..,..,..,..,..,..,..,..,..,..,..,..,..,..,..,..,..,..,..,..,..,..,..,..,..,..,..,..,..,..,..,..,..,..,..,..,..,..,..,..,..,..,..,..,..,..,..,..,..,..,..,..,..,..,..,..,..,..,..,..,..,..,..,..,..,..,..,..,..,..,..,..,..,..,..,..,..,..,..,..,..,..,..,..,..,..,..,..,..
From non-residents,0,0,0,0,0,0,0,0,0,0,0,0,0,0,0,0,0,0,0,0,0,0,0,0,0,0,0,0,0,0,0,0,0,0,0,0,0,0,0,0,0,0,0,0,0,0,0,0,0,0,0,0,0,0,0,0,0,0,0,0,0,0,0,0,0,0,0,0,0,0,0,0,0,0,0,0,0,0,0,0,0,0,0,0,0,0,0,0,0,0,0,0,0,0,0,0,0,0,0,0,0,0,0,0,0,0,0,0,0,0,0,0,0,0,0,0,0,0,0,0,0,0,0,0,0,0,0,0,0,0,0,0,0,0,0,0,0,0,0,0
General governments expenditure,"590,511","627,555","659,459","688,291","716,548","729,578","747,771","762,203","789,125","816,108","11,247","11,379","12,602","12,997","13,595","13,857","13,824","13,756","14,158","14,615","2,857","3,036","3,242","3,338","3,410","3,440","3,487","3,463","3,560","3,656","19,351","20,396","21,132","21,869","22,944","23,732","23,867","24,246","24,814","25,219","14,954","15,935","16,525","17,091","17,485","17,781","18,079","18,174","18,796","19,468","145,445","151,797","156,267","161,422","168,935","173,565","179,145","183,416","187,706","193,458","215,409","229,336","245,651","258,979","269,204","269,724","276,152","280,813","290,538","299,190","22,378","23,851","24,843","25,394","27,343","27,928","28,791","29,168","30,237","31,398","19,750","20,987","21,913","23,485","24,729","24,960","24,900","25,422","26,749","27,795","58,597","64,978","68,355","71,798","74,384","77,125","79,735","83,006","87,505","92,244","69,745","74,471","77,329","79,561","82,238","84,633","86,777","87,778","91,453","95,100","1,279","1,370","1,451","1,619","1,644","1,689","1,801","1,840","1,930","1,966","2,051","2,140","2,219","2,259","2,362","2,389","2,474","2,720","2,811","2,870","1,544","1,728","1,681","1,752","1,824","1,911","2,000","2,068","2,205","2,277"
Final expenditure on goods and services,"357,346","383,585","405,078","419,962","440,356","452,212","464,469","477,362","491,635","504,856","6,873","6,845","7,666","8,089","8,500","8,483","8,580","8,613","8,863","9,001","1,739","1,873","1,967","2,062","2,090","2,112","2,159","2,164","2,199","2,228","12,329","13,176","13,536","14,091","14,826","15,314","15,506","15,878","16,166","16,358","9,178","9,918","10,274","10,669","10,856","11,091","11,223","11,334","11,583","12,003","79,397","82,157","85,992","88,714","93,180","95,850","99,588","102,644","104,487","107,488","134,521","145,435","154,406","160,434","167,630","170,756","173,887","178,650","184,324","188,820","14,091","15,411","16,136","16,415","17,641","18,457","19,146","19,441","19,927","20,406","12,013","12,931","13,736","14,422","15,380","15,632","15,980","16,388","17,347","17,647","38,927","43,691","46,680","48,780","52,127","54,506","56,232","58,904","61,226","63,542","43,255","46,725","48,766","50,135","51,819","53,463","55,348","56,191","58,110","59,805","1,052","1,149","1,231","1,330","1,392","1,423","1,531","1,579","1,643","1,674","1,709","1,794","1,965","1,996","2,080","2,114","2,188","2,416","2,484","2,518","1,298","1,436","1,437","1,510","1,560","1,658","1,737","1,818","1,944","1,998"
Non-defence,..,..,..,..,..,..,..,..,..,..,..,..,..,..,..,..,..,..,..,..,..,..,..,..,..,..,..,..,..,..,..,..,..,..,..,..,..,..,..,..,..,..,..,..,..,..,..,..,..,..,..,..,..,..,..,..,..,..,..,..,..,..,..,..,..,..,..,..,..,..,..,..,..,..,..,..,..,..,..,..,..,..,..,..,..,..,..,..,..,..,..,..,..,..,..,..,..,..,..,..,..,..,..,..,..,..,..,..,..,..,..,..,..,..,..,..,..,..,..,..,..,..,..,..,..,..,..,..,..,..,..,..,..,..,..,..,..,..,..,..
Defence,..,..,..,..,..,..,..,..,..,..,..,..,..,..,..,..,..,..,..,..,..,..,..,..,..,..,..,..,..,..,..,..,..,..,..,..,..,..,..,..,..,..,..,..,..,..,..,..,..,..,..,..,..,..,..,..,..,..,..,..,..,..,..,..,..,..,..,..,..,..,..,..,..,..,..,..,..,..,..,..,..,..,..,..,..,..,..,..,..,..,..,..,..,..,..,..,..,..,..,..,..,..,..,..,..,..,..,..,..,..,..,..,..,..,..,..,..,..,..,..,..,..,..,..,..,..,..,..,..,..,..,..,..,..,..,..,..,..,..,..
of which Medicare,..,..,..,..,..,..,..,..,..,..,..,..,..,..,..,..,..,..,..,..,..,..,..,..,..,..,..,..,..,..,..,..,..,..,..,..,..,..,..,..,..,..,..,..,..,..,..,..,..,..,..,..,..,..,..,..,..,..,..,..,..,..,..,..,..,..,..,..,..,..,..,..,..,..,..,..,..,..,..,..,..,..,..,..,..,..,..,..,..,..,..,..,..,..,..,..,..,..,..,..,..,..,..,..,..,..,..,..,..,..,..,..,..,..,..,..,..,..,..,..,..,..,..,..,..,..,..,..,..,..,..,..,..,..,..,..,..,..,..,..
Current transfers to households,"134,266","142,767","153,753","161,617","164,285","167,608","175,281","178,794","191,648","202,102","2,867","3,009","3,266","3,262","3,419","3,613","3,596","3,624","3,845","4,216",718,747,820,847,871,901,917,918,978,"1,038","4,264","4,472","4,805","4,980","5,154","5,425","5,516","5,556","5,912","6,149","3,785","4,029","4,252","4,389","4,521","4,688","4,890","4,977","5,377","5,689","36,117","39,238","40,656","41,877","43,013","45,153","46,728","48,410","51,011","52,942","49,008","51,267","57,882","62,529","62,261","60,917","64,573","65,226","69,910","72,709","4,717","4,975","5,248","5,376","5,611","5,855","6,139","6,200","6,786","7,246","4,733","5,211","5,182","5,290","5,583","5,781","6,028","6,057","6,528","6,900","11,370","12,102","12,996","13,692","13,748","14,132","15,210","15,747","17,650","20,151","16,103","17,080","18,161","18,863","19,556","20,590","21,130","21,537","23,083","24,423",164,158,154,167,172,185,193,183,188,206,264,266,178,187,203,200,194,208,218,258,130,167,128,131,145,138,143,137,150,162
Family and youth allowances,..,..,..,..,..,..,..,..,..,..,..,..,..,..,..,..,..,..,..,..,..,..,..,..,..,..,..,..,..,..,..,..,..,..,..,..,..,..,..,..,..,..,..,..,..,..,..,..,..,..,..,..,..,..,..,..,..,..,..,..,..,..,..,..,..,..,..,..,..,..,..,..,..,..,..,..,..,..,..,..,..,..,..,..,..,..,..,..,..,..,..,..,..,..,..,..,..,..,..,..,..,..,..,..,..,..,..,..,..,..,..,..,..,..,..,..,..,..,..,..,..,..,..,..,..,..,..,..,..,..,..,..,..,..,..,..,..,..,..,..
Child Tax Benefit,..,..,..,..,..,..,..,..,..,..,..,..,..,..,..,..,..,..,..,..,..,..,..,..,..,..,..,..,..,..,..,..,..,..,..,..,..,..,..,..,..,..,..,..,..,..,..,..,..,..,..,..,..,..,..,..,..,..,..,..,..,..,..,..,..,..,..,..,..,..,..,..,..,..,..,..,..,..,..,..,..,..,..,..,..,..,..,..,..,..,..,..,..,..,..,..,..,..,..,..,..,..,..,..,..,..,..,..,..,..,..,..,..,..,..,..,..,..,..,..,..,..,..,..,..,..,..,..,..,..,..,..,..,..,..,..,..,..,..,..
Universal Childcare Benefit,..,..,..,..,..,..,..,..,..,..,..,..,..,..,..,..,..,..,..,..,..,..,..,..,..,..,..,..,..,..,..,..,..,..,..,..,..,..,..,..,..,..,..,..,..,..,..,..,..,..,..,..,..,..,..,..,..,..,..,..,..,..,..,..,..,..,..,..,..,..,..,..,..,..,..,..,..,..,..,..,..,..,..,..,..,..,..,..,..,..,..,..,..,..,..,..,..,..,..,..,..,..,..,..,..,..,..,..,..,..,..,..,..,..,..,..,..,..,..,..,..,..,..,..,..,..,..,..,..,..,..,..,..,..,..,..,..,..,..,..
Child Tax Credit,..,..,..,..,..,..,..,..,..,..,..,..,..,..,..,..,..,..,..,..,..,..,..,..,..,..,..,..,..,..,..,..,..,..,..,..,..,..,..,..,..,..,..,..,..,..,..,..,..,..,..,..,..,..,..,..,..,..,..,..,..,..,..,..,..,..,..,..,..,..,..,..,..,..,..,..,..,..,..,..,..,..,..,..,..,..,..,..,..,..,..,..,..,..,..,..,..,..,..,..,..,..,..,..,..,..,..,..,..,..,..,..,..,..,..,..,..,..,..,..,..,..,..,..,..,..,..,..,..,..,..,..,..,..,..,..,..,..,..,..
Employment Insurance benefits,..,..,..,..,..,..,..,..,..,..,..,..,..,..,..,..,..,..,..,..,..,..,..,..,..,..,..,..,..,..,..,..,..,..,..,..,..,..,..,..,..,..,..,..,..,..,..,..,..,..,..,..,..,..,..,..,..,..,..,..,..,..,..,..,..,..,..,..,..,..,..,..,..,..,..,..,..,..,..,..,..,..,..,..,..,..,..,..,..,..,..,..,..,..,..,..,..,..,..,..,..,..,..,..,..,..,..,..,..,..,..,..,..,..,..,..,..,..,..,..,..,..,..,..,..,..,..,..,..,..,..,..,..,..,..,..,..,..,..,..
Old Age Security,..,..,..,..,..,..,..,..,..,..,..,..,..,..,..,..,..,..,..,..,..,..,..,..,..,..,..,..,..,..,..,..,..,..,..,..,..,..,..,..,..,..,..,..,..,..,..,..,..,..,..,..,..,..,..,..,..,..,..,..,..,..,..,..,..,..,..,..,..,..,..,..,..,..,..,..,..,..,..,..,..,..,..,..,..,..,..,..,..,..,..,..,..,..,..,..,..,..,..,..,..,..,..,..,..,..,..,..,..,..,..,..,..,..,..,..,..,..,..,..,..,..,..,..,..,..,..,..,..,..,..,..,..,..,..,..,..,..,..,..
Goods and Services Tax credit,..,..,..,..,..,..,..,..,..,..,..,..,..,..,..,..,..,..,..,..,..,..,..,..,..,..,..,..,..,..,..,..,..,..,..,..,..,..,..,..,..,..,..,..,..,..,..,..,..,..,..,..,..,..,..,..,..,..,..,..,..,..,..,..,..,..,..,..,..,..,..,..,..,..,..,..,..,..,..,..,..,..,..,..,..,..,..,..,..,..,..,..,..,..,..,..,..,..,..,..,..,..,..,..,..,..,..,..,..,..,..,..,..,..,..,..,..,..,..,..,..,..,..,..,..,..,..,..,..,..,..,..,..,..,..,..,..,..,..,..
Military veterans' benefits,..,..,..,..,..,..,..,..,..,..,..,..,..,..,..,..,..,..,..,..,..,..,..,..,..,..,..,..,..,..,..,..,..,..,..,..,..,..,..,..,..,..,..,..,..,..,..,..,..,..,..,..,..,..,..,..,..,..,..,..,..,..,..,..,..,..,..,..,..,..,..,..,..,..,..,..,..,..,..,..,..,..,..,..,..,..,..,..,..,..,..,..,..,..,..,..,..,..,..,..,..,..,..,..,..,..,..,..,..,..,..,..,..,..,..,..,..,..,..,..,..,..,..,..,..,..,..,..,..,..,..,..,..,..,..,..,..,..,..,..
Adult occupational training,..,..,..,..,..,..,..,..,..,..,..,..,..,..,..,..,..,..,..,..,..,..,..,..,..,..,..,..,..,..,..,..,..,..,..,..,..,..,..,..,..,..,..,..,..,..,..,..,..,..,..,..,..,..,..,..,..,..,..,..,..,..,..,..,..,..,..,..,..,..,..,..,..,..,..,..,..,..,..,..,..,..,..,..,..,..,..,..,..,..,..,..,..,..,..,..,..,..,..,..,..,..,..,..,..,..,..,..,..,..,..,..,..,..,..,..,..,..,..,..,..,..,..,..,..,..,..,..,..,..,..,..,..,..,..,..,..,..,..,..
Research and scholarship grants,..,..,..,..,..,..,..,..,..,..,..,..,..,..,..,..,..,..,..,..,..,..,..,..,..,..,..,..,..,..,..,..,..,..,..,..,..,..,..,..,..,..,..,..,..,..,..,..,..,..,..,..,..,..,..,..,..,..,..,..,..,..,..,..,..,..,..,..,..,..,..,..,..,..,..,..,..,..,..,..,..,..,..,..,..,..,..,..,..,..,..,..,..,..,..,..,..,..,..,..,..,..,..,..,..,..,..,..,..,..,..,..,..,..,..,..,..,..,..,..,..,..,..,..,..,..,..,..,..,..,..,..,..,..,..,..,..,..,..,..
Social assistance,..,..,..,..,..,..,..,..,..,..,..,..,..,..,..,..,..,..,..,..,..,..,..,..,..,..,..,..,..,..,..,..,..,..,..,..,..,..,..,..,..,..,..,..,..,..,..,..,..,..,..,..,..,..,..,..,..,..,..,..,..,..,..,..,..,..,..,..,..,..,..,..,..,..,..,..,..,..,..,..,..,..,..,..,..,..,..,..,..,..,..,..,..,..,..,..,..,..,..,..,..,..,..,..,..,..,..,..,..,..,..,..,..,..,..,..,..,..,..,..,..,..,..,..,..,..,..,..,..,..,..,..,..,..,..,..,..,..,..,..
Income maintenance,..,..,..,..,..,..,..,..,..,..,..,..,..,..,..,..,..,..,..,..,..,..,..,..,..,..,..,..,..,..,..,..,..,..,..,..,..,..,..,..,..,..,..,..,..,..,..,..,..,..,..,..,..,..,..,..,..,..,..,..,..,..,..,..,..,..,..,..,..,..,..,..,..,..,..,..,..,..,..,..,..,..,..,..,..,..,..,..,..,..,..,..,..,..,..,..,..,..,..,..,..,..,..,..,..,..,..,..,..,..,..,..,..,..,..,..,..,..,..,..,..,..,..,..,..,..,..,..,..,..,..,..,..,..,..,..,..,..,..,..
Other social assistance,..,..,..,..,..,..,..,..,..,..,..,..,..,..,..,..,..,..,..,..,..,..,..,..,..,..,..,..,..,..,..,..,..,..,..,..,..,..,..,..,..,..,..,..,..,..,..,..,..,..,..,..,..,..,..,..,..,..,..,..,..,..,..,..,..,..,..,..,..,..,..,..,..,..,..,..,..,..,..,..,..,..,..,..,..,..,..,..,..,..,..,..,..,..,..,..,..,..,..,..,..,..,..,..,..,..,..,..,..,..,..,..,..,..,..,..,..,..,..,..,..,..,..,..,..,..,..,..,..,..,..,..,..,..,..,..,..,..,..,..
"Social insurance benefits, worker's compensation",..,..,..,..,..,..,..,..,..,..,..,..,..,..,..,..,..,..,..,..,..,..,..,..,..,..,..,..,..,..,..,..,..,..,..,..,..,..,..,..,..,..,..,..,..,..,..,..,..,..,..,..,..,..,..,..,..,..,..,..,..,..,..,..,..,..,..,..,..,..,..,..,..,..,..,..,..,..,..,..,..,..,..,..,..,..,..,..,..,..,..,..,..,..,..,..,..,..,..,..,..,..,..,..,..,..,..,..,..,..,..,..,..,..,..,..,..,..,..,..,..,..,..,..,..,..,..,..,..,..,..,..,..,..,..,..,..,..,..,..
"Social insurance benefits, other",..,..,..,..,..,..,..,..,..,..,..,..,..,..,..,..,..,..,..,..,..,..,..,..,..,..,..,..,..,..,..,..,..,..,..,..,..,..,..,..,..,..,..,..,..,..,..,..,..,..,..,..,..,..,..,..,..,..,..,..,..,..,..,..,..,..,..,..,..,..,..,..,..,..,..,..,..,..,..,..,..,..,..,..,..,..,..,..,..,..,..,..,..,..,..,..,..,..,..,..,..,..,..,..,..,..,..,..,..,..,..,..,..,..,..,..,..,..,..,..,..,..,..,..,..,..,..,..,..,..,..,..,..,..,..,..,..,..,..,..
Other current transfers to households,..,..,..,..,..,..,..,..,..,..,..,..,..,..,..,..,..,..,..,..,..,..,..,..,..,..,..,..,..,..,..,..,..,..,..,..,..,..,..,..,..,..,..,..,..,..,..,..,..,..,..,..,..,..,..,..,..,..,..,..,..,..,..,..,..,..,..,..,..,..,..,..,..,..,..,..,..,..,..,..,..,..,..,..,..,..,..,..,..,..,..,..,..,..,..,..,..,..,..,..,..,..,..,..,..,..,..,..,..,..,..,..,..,..,..,..,..,..,..,..,..,..,..,..,..,..,..,..,..,..,..,..,..,..,..,..,..,..,..,..
Current transfers to non-profit institutions serving households,"13,772","16,120","17,163","17,208","17,280","16,447","15,989","15,886","15,404","17,154",44,52,74,64,55,56,51,47,43,52,27,29,36,33,34,31,36,40,38,42,471,526,608,596,656,691,661,668,669,696,177,200,221,219,200,197,206,209,209,237,"3,734","4,456","4,842","4,740","4,834","4,738","4,826","4,742","4,838","5,067","5,277","6,123","6,819","6,806","6,850","6,498","5,935","5,742","5,082","5,791",246,287,324,330,367,309,289,407,422,508,291,344,441,404,422,479,500,484,517,544,"1,868","2,233","1,963","2,111","2,041","1,790","1,868","1,897","1,917","2,026","1,580","1,802","1,760","1,824","1,738","1,579","1,538","1,570","1,585","2,100",17,21,24,28,27,27,27,30,31,32,18,22,23,25,25,21,21,20,23,22,22,25,28,28,31,31,31,30,30,37
Subsidies,"15,404","15,281","16,101","18,560","20,132","19,277","17,829","17,982","18,639","19,343",140,149,186,225,271,258,220,231,205,199,88,101,123,106,98,105,87,80,87,108,266,273,299,330,389,428,374,438,417,433,160,141,165,163,165,166,178,156,176,151,"6,257","6,139","5,953","6,094","6,324","6,504","6,374","6,261","6,172","6,539","3,108","3,011","3,479","4,578","6,400","5,479","5,514","5,460","5,916","5,480",649,531,638,785,"1,100",728,670,661,635,638,884,666,736,"1,545","1,464","1,345",750,910,827,"1,205","1,904","2,264","2,458","2,646","1,688","1,882","1,472","1,573","1,811","1,975","1,876","1,937","2,002","2,030","2,169","2,320","2,104","2,119","2,294","2,527",11,7,9,10,12,14,14,13,16,16,8,7,6,5,4,3,22,30,33,21,53,56,47,43,48,45,50,50,50,51
Subsidies on products and imports,"10,197","9,288","10,413","12,675","13,956","12,440","12,474","12,384","12,643","12,505",122,127,159,195,221,202,172,187,172,161,44,42,51,44,44,46,38,35,37,35,233,225,251,277,329,358,313,355,307,313,122,100,124,136,122,127,135,127,136,108,"3,728","3,186","3,361","3,832","3,883","4,035","3,946","3,852","3,774","4,040","2,287","2,183","2,708","3,437","5,097","4,115","4,373","4,208","4,713","4,196",488,396,415,464,677,446,466,440,422,445,637,397,403,711,781,515,489,467,396,436,"1,022","1,023","1,332","1,920","1,091",882,773,854,911,950,"1,454","1,551","1,558","1,608","1,660","1,663","1,699","1,779","1,690","1,750",7,4,5,9,7,9,5,5,7,6,7,6,5,4,3,2,21,30,33,20,46,49,41,38,41,40,44,45,45,45
Agriculture,..,..,..,..,..,..,..,..,..,..,..,..,..,..,..,..,..,..,..,..,..,..,..,..,..,..,..,..,..,..,..,..,..,..,..,..,..,..,..,..,..,..,..,..,..,..,..,..,..,..,..,..,..,..,..,..,..,..,..,..,..,..,..,..,..,..,..,..,..,..,..,..,..,..,..,..,..,..,..,..,..,..,..,..,..,..,..,..,..,..,..,..,..,..,..,..,..,..,..,..,..,..,..,..,..,..,..,..,..,..,..,..,..,..,..,..,..,..,..,..,..,..,..,..,..,..,..,..,..,..,..,..,..,..,..,..,..,..,..,..
Non-agriculture,..,..,..,..,..,..,..,..,..,..,..,..,..,..,..,..,..,..,..,..,..,..,..,..,..,..,..,..,..,..,..,..,..,..,..,..,..,..,..,..,..,..,..,..,..,..,..,..,..,..,..,..,..,..,..,..,..,..,..,..,..,..,..,..,..,..,..,..,..,..,..,..,..,..,..,..,..,..,..,..,..,..,..,..,..,..,..,..,..,..,..,..,..,..,..,..,..,..,..,..,..,..,..,..,..,..,..,..,..,..,..,..,..,..,..,..,..,..,..,..,..,..,..,..,..,..,..,..,..,..,..,..,..,..,..,..,..,..,..,..
Subsidies on factors of production,"5,207","5,993","5,688","5,885","6,176","6,837","5,355","5,598","5,996","6,838",18,22,27,30,50,56,48,44,33,38,44,59,72,62,54,59,49,45,50,73,33,48,48,53,60,70,61,83,110,120,38,41,41,27,43,39,43,29,40,43,"2,529","2,953","2,592","2,262","2,441","2,469","2,428","2,409","2,398","2,499",821,828,771,"1,141","1,303","1,364","1,141","1,252","1,203","1,284",161,135,223,321,423,282,204,221,213,193,247,269,333,834,683,830,261,443,431,769,882,"1,241","1,126",726,597,"1,000",699,719,900,"1,025",422,386,444,422,509,657,405,340,604,777,4,3,4,1,5,5,9,8,9,10,1,1,1,1,1,1,1,0,0,1,7,7,6,5,7,5,6,5,5,6
Agriculture,..,..,..,..,..,..,..,..,..,..,..,..,..,..,..,..,..,..,..,..,..,..,..,..,..,..,..,..,..,..,..,..,..,..,..,..,..,..,..,..,..,..,..,..,..,..,..,..,..,..,..,..,..,..,..,..,..,..,..,..,..,..,..,..,..,..,..,..,..,..,..,..,..,..,..,..,..,..,..,..,..,..,..,..,..,..,..,..,..,..,..,..,..,..,..,..,..,..,..,..,..,..,..,..,..,..,..,..,..,..,..,..,..,..,..,..,..,..,..,..,..,..,..,..,..,..,..,..,..,..,..,..,..,..,..,..,..,..,..,..
Non-agriculture,..,..,..,..,..,..,..,..,..,..,..,..,..,..,..,..,..,..,..,..,..,..,..,..,..,..,..,..,..,..,..,..,..,..,..,..,..,..,..,..,..,..,..,..,..,..,..,..,..,..,..,..,..,..,..,..,..,..,..,..,..,..,..,..,..,..,..,..,..,..,..,..,..,..,..,..,..,..,..,..,..,..,..,..,..,..,..,..,..,..,..,..,..,..,..,..,..,..,..,..,..,..,..,..,..,..,..,..,..,..,..,..,..,..,..,..,..,..,..,..,..,..,..,..,..,..,..,..,..,..,..,..,..,..,..,..,..,..,..,..
Current transfers to general governments,..,..,..,..,..,..,..,..,..,..,..,..,..,..,..,..,..,..,..,..,..,..,..,..,..,..,..,..,..,..,..,..,..,..,..,..,..,..,..,..,..,..,..,..,..,..,..,..,..,..,..,..,..,..,..,..,..,..,..,..,..,..,..,..,..,..,..,..,..,..,..,..,..,..,..,..,..,..,..,..,..,..,..,..,..,..,..,..,..,..,..,..,..,..,..,..,..,..,..,..,..,..,..,..,..,..,..,..,..,..,..,..,..,..,..,..,..,..,..,..,..,..,..,..,..,..,..,..,..,..,..,..,..,..,..,..,..,..,..,..
To federal general government,..,..,..,..,..,..,..,..,..,..,..,..,..,..,..,..,..,..,..,..,..,..,..,..,..,..,..,..,..,..,..,..,..,..,..,..,..,..,..,..,..,..,..,..,..,..,..,..,..,..,..,..,..,..,..,..,..,..,..,..,..,..,..,..,..,..,..,..,..,..,..,..,..,..,..,..,..,..,..,..,..,..,..,..,..,..,..,..,..,..,..,..,..,..,..,..,..,..,..,..,..,..,..,..,..,..,..,..,..,..,..,..,..,..,..,..,..,..,..,..,..,..,..,..,..,..,..,..,..,..,..,..,..,..,..,..,..,..,..,..
To provincial and territorial general governments,..,..,..,..,..,..,..,..,..,..,..,..,..,..,..,..,..,..,..,..,..,..,..,..,..,..,..,..,..,..,..,..,..,..,..,..,..,..,..,..,..,..,..,..,..,..,..,..,..,..,..,..,..,..,..,..,..,..,..,..,..,..,..,..,..,..,..,..,..,..,..,..,..,..,..,..,..,..,..,..,..,..,..,..,..,..,..,..,..,..,..,..,..,..,..,..,..,..,..,..,..,..,..,..,..,..,..,..,..,..,..,..,..,..,..,..,..,..,..,..,..,..,..,..,..,..,..,..,..,..,..,..,..,..,..,..,..,..,..,..
Taxation agreements,..,..,..,..,..,..,..,..,..,..,..,..,..,..,..,..,..,..,..,..,..,..,..,..,..,..,..,..,..,..,..,..,..,..,..,..,..,..,..,..,..,..,..,..,..,..,..,..,..,..,..,..,..,..,..,..,..,..,..,..,..,..,..,..,..,..,..,..,..,..,..,..,..,..,..,..,..,..,..,..,..,..,..,..,..,..,..,..,..,..,..,..,..,..,..,..,..,..,..,..,..,..,..,..,..,..,..,..,..,..,..,..,..,..,..,..,..,..,..,..,..,..,..,..,..,..,..,..,..,..,..,..,..,..,..,..,..,..,..,..
Post-secondary education,..,..,..,..,..,..,..,..,..,..,..,..,..,..,..,..,..,..,..,..,..,..,..,..,..,..,..,..,..,..,..,..,..,..,..,..,..,..,..,..,..,..,..,..,..,..,..,..,..,..,..,..,..,..,..,..,..,..,..,..,..,..,..,..,..,..,..,..,..,..,..,..,..,..,..,..,..,..,..,..,..,..,..,..,..,..,..,..,..,..,..,..,..,..,..,..,..,..,..,..,..,..,..,..,..,..,..,..,..,..,..,..,..,..,..,..,..,..,..,..,..,..,..,..,..,..,..,..,..,..,..,..,..,..,..,..,..,..,..,..
Hospital insurance,..,..,..,..,..,..,..,..,..,..,..,..,..,..,..,..,..,..,..,..,..,..,..,..,..,..,..,..,..,..,..,..,..,..,..,..,..,..,..,..,..,..,..,..,..,..,..,..,..,..,..,..,..,..,..,..,..,..,..,..,..,..,..,..,..,..,..,..,..,..,..,..,..,..,..,..,..,..,..,..,..,..,..,..,..,..,..,..,..,..,..,..,..,..,..,..,..,..,..,..,..,..,..,..,..,..,..,..,..,..,..,..,..,..,..,..,..,..,..,..,..,..,..,..,..,..,..,..,..,..,..,..,..,..,..,..,..,..,..,..
Medicare,..,..,..,..,..,..,..,..,..,..,..,..,..,..,..,..,..,..,..,..,..,..,..,..,..,..,..,..,..,..,..,..,..,..,..,..,..,..,..,..,..,..,..,..,..,..,..,..,..,..,..,..,..,..,..,..,..,..,..,..,..,..,..,..,..,..,..,..,..,..,..,..,..,..,..,..,..,..,..,..,..,..,..,..,..,..,..,..,..,..,..,..,..,..,..,..,..,..,..,..,..,..,..,..,..,..,..,..,..,..,..,..,..,..,..,..,..,..,..,..,..,..,..,..,..,..,..,..,..,..,..,..,..,..,..,..,..,..,..,..
Extended health care,..,..,..,..,..,..,..,..,..,..,..,..,..,..,..,..,..,..,..,..,..,..,..,..,..,..,..,..,..,..,..,..,..,..,..,..,..,..,..,..,..,..,..,..,..,..,..,..,..,..,..,..,..,..,..,..,..,..,..,..,..,..,..,..,..,..,..,..,..,..,..,..,..,..,..,..,..,..,..,..,..,..,..,..,..,..,..,..,..,..,..,..,..,..,..,..,..,..,..,..,..,..,..,..,..,..,..,..,..,..,..,..,..,..,..,..,..,..,..,..,..,..,..,..,..,..,..,..,..,..,..,..,..,..,..,..,..,..,..,..
Canada Assistance Plan,..,..,..,..,..,..,..,..,..,..,..,..,..,..,..,..,..,..,..,..,..,..,..,..,..,..,..,..,..,..,..,..,..,..,..,..,..,..,..,..,..,..,..,..,..,..,..,..,..,..,..,..,..,..,..,..,..,..,..,..,..,..,..,..,..,..,..,..,..,..,..,..,..,..,..,..,..,..,..,..,..,..,..,..,..,..,..,..,..,..,..,..,..,..,..,..,..,..,..,..,..,..,..,..,..,..,..,..,..,..,..,..,..,..,..,..,..,..,..,..,..,..,..,..,..,..,..,..,..,..,..,..,..,..,..,..,..,..,..,..
Canada health and social transfer,..,..,..,..,..,..,..,..,..,..,..,..,..,..,..,..,..,..,..,..,..,..,..,..,..,..,..,..,..,..,..,..,..,..,..,..,..,..,..,..,..,..,..,..,..,..,..,..,..,..,..,..,..,..,..,..,..,..,..,..,..,..,..,..,..,..,..,..,..,..,..,..,..,..,..,..,..,..,..,..,..,..,..,..,..,..,..,..,..,..,..,..,..,..,..,..,..,..,..,..,..,..,..,..,..,..,..,..,..,..,..,..,..,..,..,..,..,..,..,..,..,..,..,..,..,..,..,..,..,..,..,..,..,..,..,..,..,..,..,..
Canada Health Transfer,..,..,..,..,..,..,..,..,..,..,..,..,..,..,..,..,..,..,..,..,..,..,..,..,..,..,..,..,..,..,..,..,..,..,..,..,..,..,..,..,..,..,..,..,..,..,..,..,..,..,..,..,..,..,..,..,..,..,..,..,..,..,..,..,..,..,..,..,..,..,..,..,..,..,..,..,..,..,..,..,..,..,..,..,..,..,..,..,..,..,..,..,..,..,..,..,..,..,..,..,..,..,..,..,..,..,..,..,..,..,..,..,..,..,..,..,..,..,..,..,..,..,..,..,..,..,..,..,..,..,..,..,..,..,..,..,..,..,..,..
Canada Social Transfer,..,..,..,..,..,..,..,..,..,..,..,..,..,..,..,..,..,..,..,..,..,..,..,..,..,..,..,..,..,..,..,..,..,..,..,..,..,..,..,..,..,..,..,..,..,..,..,..,..,..,..,..,..,..,..,..,..,..,..,..,..,..,..,..,..,..,..,..,..,..,..,..,..,..,..,..,..,..,..,..,..,..,..,..,..,..,..,..,..,..,..,..,..,..,..,..,..,..,..,..,..,..,..,..,..,..,..,..,..,..,..,..,..,..,..,..,..,..,..,..,..,..,..,..,..,..,..,..,..,..,..,..,..,..,..,..,..,..,..,..
Territorial governments,..,..,..,..,..,..,..,..,..,..,..,..,..,..,..,..,..,..,..,..,..,..,..,..,..,..,..,..,..,..,..,..,..,..,..,..,..,..,..,..,..,..,..,..,..,..,..,..,..,..,..,..,..,..,..,..,..,..,..,..,..,..,..,..,..,..,..,..,..,..,..,..,..,..,..,..,..,..,..,..,..,..,..,..,..,..,..,..,..,..,..,..,..,..,..,..,..,..,..,..,..,..,..,..,..,..,..,..,..,..,..,..,..,..,..,..,..,..,..,..,..,..,..,..,..,..,..,..,..,..,..,..,..,..,..,..,..,..,..,..
Official languages,..,..,..,..,..,..,..,..,..,..,..,..,..,..,..,..,..,..,..,..,..,..,..,..,..,..,..,..,..,..,..,..,..,..,..,..,..,..,..,..,..,..,..,..,..,..,..,..,..,..,..,..,..,..,..,..,..,..,..,..,..,..,..,..,..,..,..,..,..,..,..,..,..,..,..,..,..,..,..,..,..,..,..,..,..,..,..,..,..,..,..,..,..,..,..,..,..,..,..,..,..,..,..,..,..,..,..,..,..,..,..,..,..,..,..,..,..,..,..,..,..,..,..,..,..,..,..,..,..,..,..,..,..,..,..,..,..,..,..,..
Regional development,..,..,..,..,..,..,..,..,..,..,..,..,..,..,..,..,..,..,..,..,..,..,..,..,..,..,..,..,..,..,..,..,..,..,..,..,..,..,..,..,..,..,..,..,..,..,..,..,..,..,..,..,..,..,..,..,..,..,..,..,..,..,..,..,..,..,..,..,..,..,..,..,..,..,..,..,..,..,..,..,..,..,..,..,..,..,..,..,..,..,..,..,..,..,..,..,..,..,..,..,..,..,..,..,..,..,..,..,..,..,..,..,..,..,..,..,..,..,..,..,..,..,..,..,..,..,..,..,..,..,..,..,..,..,..,..,..,..,..,..
Other transfers to provincial and territorial general governments,..,..,..,..,..,..,..,..,..,..,..,..,..,..,..,..,..,..,..,..,..,..,..,..,..,..,..,..,..,..,..,..,..,..,..,..,..,..,..,..,..,..,..,..,..,..,..,..,..,..,..,..,..,..,..,..,..,..,..,..,..,..,..,..,..,..,..,..,..,..,..,..,..,..,..,..,..,..,..,..,..,..,..,..,..,..,..,..,..,..,..,..,..,..,..,..,..,..,..,..,..,..,..,..,..,..,..,..,..,..,..,..,..,..,..,..,..,..,..,..,..,..,..,..,..,..,..,..,..,..,..,..,..,..,..,..,..,..,..,..
To local general governments,..,..,..,..,..,..,..,..,..,..,..,..,..,..,..,..,..,..,..,..,..,..,..,..,..,..,..,..,..,..,..,..,..,..,..,..,..,..,..,..,..,..,..,..,..,..,..,..,..,..,..,..,..,..,..,..,..,..,..,..,..,..,..,..,..,..,..,..,..,..,..,..,..,..,..,..,..,..,..,..,..,..,..,..,..,..,..,..,..,..,..,..,..,..,..,..,..,..,..,..,..,..,..,..,..,..,..,..,..,..,..,..,..,..,..,..,..,..,..,..,..,..,..,..,..,..,..,..,..,..,..,..,..,..,..,..,..,..,..,..
To Aboriginal general governments,..,..,..,..,..,..,..,..,..,..,..,..,..,..,..,..,..,..,..,..,..,..,..,..,..,..,..,..,..,..,..,..,..,..,..,..,..,..,..,..,..,..,..,..,..,..,..,..,..,..,..,..,..,..,..,..,..,..,..,..,..,..,..,..,..,..,..,..,..,..,..,..,..,..,..,..,..,..,..,..,..,..,..,..,..,..,..,..,..,..,..,..,..,..,..,..,..,..,..,..,..,..,..,..,..,..,..,..,..,..,..,..,..,..,..,..,..,..,..,..,..,..,..,..,..,..,..,..,..,..,..,..,..,..,..,..,..,..,..,..
Current transfers to non-residents,"4,632","4,815","4,601","5,266","5,093","5,195","5,254","4,817","5,220","5,380",0,0,0,0,0,0,0,0,0,0,0,0,0,0,0,0,0,0,0,0,0,0,0,0,0,0,0,0,0,0,0,0,0,0,0,0,0,0,0,0,0,0,0,0,0,0,0,0,0,0,0,0,0,0,0,0,0,0,0,0,0,0,0,0,0,0,0,0,0,0,0,0,0,0,0,0,0,0,0,0,0,0,0,0,0,0,0,0,0,0,0,0,0,0,0,0,0,0,0,0,0,0,0,0,0,0,0,0,0,0,0,0,0,0,0,0,0,0,0,0,0,0,0,0,0,0,0,0,0,0
Contributions and aid,..,..,..,..,..,..,..,..,..,..,..,..,..,..,..,..,..,..,..,..,..,..,..,..,..,..,..,..,..,..,..,..,..,..,..,..,..,..,..,..,..,..,..,..,..,..,..,..,..,..,..,..,..,..,..,..,..,..,..,..,..,..,..,..,..,..,..,..,..,..,..,..,..,..,..,..,..,..,..,..,..,..,..,..,..,..,..,..,..,..,..,..,..,..,..,..,..,..,..,..,..,..,..,..,..,..,..,..,..,..,..,..,..,..,..,..,..,..,..,..,..,..,..,..,..,..,..,..,..,..,..,..,..,..,..,..,..,..,..,..
Pension benefits and other,..,..,..,..,..,..,..,..,..,..,..,..,..,..,..,..,..,..,..,..,..,..,..,..,..,..,..,..,..,..,..,..,..,..,..,..,..,..,..,..,..,..,..,..,..,..,..,..,..,..,..,..,..,..,..,..,..,..,..,..,..,..,..,..,..,..,..,..,..,..,..,..,..,..,..,..,..,..,..,..,..,..,..,..,..,..,..,..,..,..,..,..,..,..,..,..,..,..,..,..,..,..,..,..,..,..,..,..,..,..,..,..,..,..,..,..,..,..,..,..,..,..,..,..,..,..,..,..,..,..,..,..,..,..,..,..,..,..,..,..
Capital transfers,"3,150","3,916","4,842","5,688","6,131","6,373","6,019","5,428","5,455","7,147",31,51,59,60,74,73,69,60,64,83,23,29,35,38,56,41,33,14,18,13,87,52,78,97,108,71,53,34,39,38,62,81,87,98,141,103,66,47,40,32,856,"1,070","1,247","1,494","1,821","1,671","1,594","1,382","1,297","1,763","1,108","1,403","1,847","2,470","2,625","2,896","2,873","2,691","2,851","4,218",62,76,102,112,111,90,77,69,65,61,67,93,183,247,254,136,127,114,112,99,375,529,482,550,563,717,777,629,623,496,188,273,372,344,313,298,241,219,211,232,1,1,2,50,2,2,2,1,19,7,7,6,7,6,6,7,6,5,14,11,1,4,4,3,2,2,4,3,3,3
To households,187,205,341,519,337,375,192,151,121,136,2,5,7,9,5,6,2,4,5,5,0,1,1,2,1,1,0,0,0,0,47,4,8,12,8,8,3,2,2,2,2,4,6,10,6,7,3,2,2,1,51,80,111,156,121,133,95,78,55,68,42,62,121,193,109,124,51,40,33,39,11,6,10,16,10,11,4,3,3,2,4,5,9,14,9,10,4,2,2,2,13,17,31,48,31,35,14,9,9,8,15,21,37,58,37,40,16,11,10,9,0,0,0,0,0,0,0,0,0,0,0,0,0,1,0,0,0,0,0,0,0,0,0,0,0,0,0,0,0,0
To non-profit institutions serving households,0,225,500,585,624,399,457,394,419,409,0,1,3,2,2,1,1,1,0,1,0,0,1,0,0,0,0,0,0,0,0,2,6,4,4,2,2,2,1,1,0,1,4,2,2,1,1,1,1,1,0,147,203,283,417,247,299,289,232,233,0,53,195,241,143,111,118,70,168,154,0,5,15,11,15,13,14,9,7,3,0,1,7,4,4,2,2,2,1,2,0,6,27,16,16,10,9,9,4,6,0,9,37,22,21,12,11,11,5,8,0,0,0,0,0,0,0,0,0,0,0,0,1,0,0,0,0,0,0,0,0,0,1,0,0,0,0,0,0,0
To business,"2,681","3,238","3,664","4,465","5,115","5,333","5,273","4,723","4,816","6,511",29,45,49,49,67,66,66,55,59,77,23,28,33,36,55,40,33,14,18,13,40,46,64,81,96,61,48,30,36,35,60,76,77,86,133,95,62,44,37,30,805,843,933,"1,055","1,283","1,291","1,200","1,015","1,010","1,462","1,066","1,288","1,531","2,036","2,373","2,661","2,704","2,581","2,650","4,025",51,65,77,85,86,66,59,57,55,56,63,87,167,229,241,124,121,110,109,95,362,506,424,486,516,672,754,611,610,482,173,243,298,264,255,246,214,197,196,215,1,1,2,50,2,2,2,1,19,7,7,6,6,5,6,7,6,5,14,11,1,4,3,3,2,2,4,3,3,3
To general governments,..,..,..,..,..,..,..,..,..,..,..,..,..,..,..,..,..,..,..,..,..,..,..,..,..,..,..,..,..,..,..,..,..,..,..,..,..,..,..,..,..,..,..,..,..,..,..,..,..,..,..,..,..,..,..,..,..,..,..,..,..,..,..,..,..,..,..,..,..,..,..,..,..,..,..,..,..,..,..,..,..,..,..,..,..,..,..,..,..,..,..,..,..,..,..,..,..,..,..,..,..,..,..,..,..,..,..,..,..,..,..,..,..,..,..,..,..,..,..,..,..,..,..,..,..,..,..,..,..,..,..,..,..,..,..,..,..,..,..,..
To federal general government,..,..,..,..,..,..,..,..,..,..,..,..,..,..,..,..,..,..,..,..,..,..,..,..,..,..,..,..,..,..,..,..,..,..,..,..,..,..,..,..,..,..,..,..,..,..,..,..,..,..,..,..,..,..,..,..,..,..,..,..,..,..,..,..,..,..,..,..,..,..,..,..,..,..,..,..,..,..,..,..,..,..,..,..,..,..,..,..,..,..,..,..,..,..,..,..,..,..,..,..,..,..,..,..,..,..,..,..,..,..,..,..,..,..,..,..,..,..,..,..,..,..,..,..,..,..,..,..,..,..,..,..,..,..,..,..,..,..,..,..
To provincial and territorial general governments,..,..,..,..,..,..,..,..,..,..,..,..,..,..,..,..,..,..,..,..,..,..,..,..,..,..,..,..,..,..,..,..,..,..,..,..,..,..,..,..,..,..,..,..,..,..,..,..,..,..,..,..,..,..,..,..,..,..,..,..,..,..,..,..,..,..,..,..,..,..,..,..,..,..,..,..,..,..,..,..,..,..,..,..,..,..,..,..,..,..,..,..,..,..,..,..,..,..,..,..,..,..,..,..,..,..,..,..,..,..,..,..,..,..,..,..,..,..,..,..,..,..,..,..,..,..,..,..,..,..,..,..,..,..,..,..,..,..,..,..
To local general governments,..,..,..,..,..,..,..,..,..,..,..,..,..,..,..,..,..,..,..,..,..,..,..,..,..,..,..,..,..,..,..,..,..,..,..,..,..,..,..,..,..,..,..,..,..,..,..,..,..,..,..,..,..,..,..,..,..,..,..,..,..,..,..,..,..,..,..,..,..,..,..,..,..,..,..,..,..,..,..,..,..,..,..,..,..,..,..,..,..,..,..,..,..,..,..,..,..,..,..,..,..,..,..,..,..,..,..,..,..,..,..,..,..,..,..,..,..,..,..,..,..,..,..,..,..,..,..,..,..,..,..,..,..,..,..,..,..,..,..,..
To Aboriginal general governments,..,..,..,..,..,..,..,..,..,..,..,..,..,..,..,..,..,..,..,..,..,..,..,..,..,..,..,..,..,..,..,..,..,..,..,..,..,..,..,..,..,..,..,..,..,..,..,..,..,..,..,..,..,..,..,..,..,..,..,..,..,..,..,..,..,..,..,..,..,..,..,..,..,..,..,..,..,..,..,..,..,..,..,..,..,..,..,..,..,..,..,..,..,..,..,..,..,..,..,..,..,..,..,..,..,..,..,..,..,..,..,..,..,..,..,..,..,..,..,..,..,..,..,..,..,..,..,..,..,..,..,..,..,..,..,..,..,..,..,..
To non-residents,282,248,337,119,55,266,97,160,99,91,0,0,0,0,0,0,0,0,0,0,0,0,0,0,0,0,0,0,0,0,0,0,0,0,0,0,0,0,0,0,0,0,0,0,0,0,0,0,0,0,0,0,0,0,0,0,0,0,0,0,0,0,0,0,0,0,0,0,0,0,0,0,0,0,0,0,0,0,0,0,0,0,0,0,0,0,0,0,0,0,0,0,0,0,0,0,0,0,0,0,0,0,0,0,0,0,0,0,0,0,0,0,0,0,0,0,0,0,0,0,0,0,0,0,0,0,0,0,0,0,0,0,0,0,0,0,0,0,0,0
Interest on debt,"61,941","61,071","57,921","59,990","63,271","62,466","62,930","61,934","61,124","60,126","1,292","1,273","1,351","1,297","1,276","1,374","1,308","1,181","1,138","1,064",262,257,261,252,261,250,255,247,240,227,"1,934","1,897","1,806","1,775","1,811","1,803","1,757","1,672","1,611","1,545","1,592","1,566","1,526","1,553","1,602","1,536","1,516","1,451","1,411","1,356","19,084","18,736","17,577","18,503","19,763","19,649","20,035","19,977","19,901","19,659","22,387","22,097","21,218","22,162","23,438","23,178","23,370","23,044","22,455","22,172","2,613","2,571","2,395","2,376","2,513","2,489","2,470","2,390","2,402","2,539","1,762","1,742","1,635","1,577","1,626","1,587","1,515","1,469","1,418","1,400","4,153","4,159","3,776","4,019","4,217","4,098","4,176","4,256","4,278","4,054","6,743","6,654","6,268","6,365","6,643","6,383","6,416","6,142","6,170","6,013",34,34,31,34,39,38,34,34,33,31,45,45,40,40,44,44,43,41,39,40,40,40,37,37,38,37,35,30,28,26
General governments surplus or deficit,"45,897","18,025","-38,163","-49,755","-37,676","-27,902","-16,052","6,738","6,187",180,"-2,295",-703,"-2,797","-2,121","-1,254","-2,228","-1,801","-1,574","-2,636","-2,558",-848,"-1,057","-1,213","-1,294","-1,256","-1,193","-1,163","-1,094","-1,104","-1,050","-4,411","-5,464","-6,036","-6,503","-6,832","-7,259","-7,064","-6,792","-6,723","-6,738","-3,982","-4,689","-5,250","-5,670","-5,567","-5,622","-5,585","-5,222","-5,464","-5,610","-5,472","-11,597","-17,297","-17,223","-15,136","-14,043","-13,582","-12,446","-9,580","-9,073","29,044","10,866","-10,291","-19,608","-15,420","-7,112","-6,285","2,987","12,253","18,987","-2,651","-3,854","-4,991","-5,177","-6,097","-5,508","-5,016","-4,547","-4,471","-4,820","1,465","3,106",116,-687,-496,898,"1,895","2,357",994,"-1,165","33,199","34,064","19,272","19,073","22,806","22,589","29,419","35,102","24,225","10,535","10,078","6,063",-713,-827,931,"1,504","3,276","7,951","9,282","12,593",-720,-781,-854,"-1,010",-971,-998,"-1,076","-1,132","-1,216","-1,233",-712,-741,-904,-942,-867,-943,"-1,098","-1,257","-1,347","-1,450","-1,109","-1,317","-1,240","-1,249","-1,256","-1,326","-1,409","-1,442","-1,553","-1,586"
Plus: consumption of fixed capital,"41,904","46,558","49,195","51,738","55,825","58,967","61,494","63,565","66,138","67,821",647,697,741,799,881,949,"1,003","1,036","1,089","1,100",193,206,216,230,250,256,256,258,264,263,"1,325","1,396","1,465","1,533","1,634","1,701","1,771","1,817","1,919","1,927","1,044","1,187","1,197","1,218","1,322","1,398","1,433","1,447","1,486","1,501","9,487","10,500","11,359","11,947","12,737","13,389","13,838","14,212","14,752","15,007","16,217","17,837","18,854","19,859","21,445","22,505","23,447","24,280","25,246","25,946","1,385","1,564","1,666","1,760","1,934","2,089","2,225","2,279","2,322","2,356","1,246","1,377","1,444","1,519","1,646","1,744","1,814","1,884","2,002","2,124","4,891","5,660","6,038","6,476","7,182","7,881","8,400","8,778","9,147","9,415","5,004","5,623","5,703","5,863","6,217","6,448","6,678","6,925","7,238","7,483",149,166,158,160,173,188,192,200,202,201,151,167,173,185,203,212,220,230,244,258,98,108,111,115,123,129,136,145,156,169
Less: non-financial capital acquisition,"59,093","61,527","72,021","80,913","76,848","77,193","73,875","66,814","73,556","77,183",718,797,"1,096","1,310","1,297","1,543","1,229","1,187","1,194","1,082",266,179,351,291,344,255,261,201,210,243,"1,420","1,351","2,016","2,094","1,961","2,164","2,183","1,731","1,824","1,856","1,737","1,203","1,300","1,682","2,181","1,717","1,462","1,399","1,400","1,663","12,436","14,514","16,951","17,019","17,299","17,130","16,592","14,945","16,609","15,939","22,376","21,533","26,663","31,938","28,856","27,932","26,909","24,220","26,017","27,882","2,158","2,376","2,373","2,901","2,851","3,184","2,949","2,501","2,851","3,017","1,503","1,986","2,001","2,373","2,363","2,305","2,266","2,171","2,841","3,319","8,556","9,501","10,263","11,633","11,595","12,144","11,563","10,034","11,741","12,568","7,285","7,424","8,111","8,736","7,201","8,117","7,567","7,348","7,976","8,725",167,157,217,182,259,223,256,271,207,210,205,206,308,342,269,233,346,346,365,385,186,189,290,273,268,141,194,376,296,273
Fixed capital,"59,078","61,296","72,074","80,481","76,529","76,141","73,349","66,970","73,421","76,854",718,794,"1,094","1,304","1,294","1,375","1,241","1,233","1,158","1,085",267,187,354,296,344,251,259,201,211,243,"1,419","1,330","2,033","2,071","1,929","2,059","2,104","1,784","1,809","1,850","1,736","1,211","1,311","1,677","2,173","1,674","1,433","1,424","1,394","1,656","12,431","14,461","16,958","16,947","17,253","16,965","16,501","15,016","16,585","15,683","22,373","21,430","26,695","31,743","28,716","27,555","26,668","24,211","26,058","27,799","2,156","2,366","2,378","2,880","2,849","3,148","2,922","2,516","2,843","3,011","1,502","1,972","1,985","2,351","2,355","2,286","2,254","2,165","2,833","3,309","8,554","9,489","10,288","11,590","11,555","12,073","11,569","10,046","11,669","12,578","7,284","7,405","8,109","8,713","7,170","8,041","7,494","7,390","7,957","8,700",167,157,217,182,259,223,256,271,207,210,205,206,308,341,266,230,344,350,369,386,186,177,263,247,262,156,206,279,303,323
New capital,"59,078","65,550","72,077","80,481","76,529","76,141","73,349","72,806","76,344","76,854",718,848,"1,094","1,304","1,294","1,375","1,241","1,329","1,206","1,085",267,203,354,296,344,251,259,223,222,243,"1,419","1,447","2,033","2,071","1,929","2,059","2,104","1,926","1,880","1,850","1,736","1,275","1,311","1,677","2,173","1,674","1,433","1,535","1,450","1,656","12,431","15,084","16,958","16,947","17,253","16,965","16,499","16,008","17,083","15,683","22,373","23,137","26,698","31,742","28,716","27,555","26,669","26,521","27,214","27,801","2,156","2,508","2,378","2,880","2,849","3,148","2,922","2,719","2,945","3,011","1,502","2,108","1,985","2,351","2,355","2,286","2,254","2,371","2,936","3,309","8,554","10,155","10,288","11,590","11,555","12,073","11,570","10,935","12,115","12,578","7,284","8,124","8,109","8,713","7,170","8,041","7,494","8,233","8,379","8,700",167,161,217,182,259,223,256,278,211,210,205,211,308,341,266,230,344,360,374,386,186,178,263,248,262,156,206,283,305,323
Existing capital,0,"-4,254",-3,0,0,0,0,"-5,836","-2,923",0,0,-54,0,0,0,0,0,-96,-48,0,0,-16,0,0,0,0,0,-22,-11,0,0,-117,0,0,0,0,0,-142,-71,0,0,-64,0,0,0,0,0,-111,-56,0,0,-623,0,0,0,0,0,-992,-497,0,0,"-1,707",-3,0,0,0,0,"-2,311","-1,156",0,0,-142,0,0,0,0,0,-203,-102,0,0,-136,0,0,0,0,0,-206,-103,0,0,-666,0,0,0,0,0,-889,-446,0,0,-719,0,0,0,0,0,-843,-422,0,0,-4,0,0,0,0,0,-7,-4,0,0,-5,0,0,0,0,0,-10,-5,0,0,-1,0,0,0,0,0,-4,-2,0
Inventories,15,231,-53,432,319,"1,052",526,-156,135,329,0,3,2,6,3,168,-12,-46,36,-3,-1,-8,-3,-5,0,4,2,0,-1,0,1,21,-17,23,32,105,79,-53,15,6,1,-8,-11,5,8,43,29,-25,6,7,5,53,-7,72,46,165,91,-71,24,256,3,103,-32,195,140,377,241,9,-41,83,2,10,-5,21,2,36,27,-15,8,6,1,14,16,22,8,19,12,6,8,10,2,12,-25,43,40,71,-6,-12,72,-10,1,19,2,23,31,76,73,-42,19,25,0,0,0,0,0,0,0,0,0,0,0,0,0,1,3,3,2,-4,-4,-1,0,12,27,26,6,-15,-12,97,-7,-50
Equals: net lending or net borrowing,"28,708","3,056","-60,989","-78,930","-58,699","-46,128","-28,433","3,489","-1,231","-9,182","-2,366",-803,"-3,152","-2,632","-1,670","-2,822","-2,027","-1,725","-2,741","-2,540",-921,"-1,030","-1,348","-1,355","-1,350","-1,192","-1,168","-1,037","-1,050","-1,030","-4,506","-5,419","-6,587","-7,064","-7,159","-7,722","-7,476","-6,706","-6,628","-6,667","-4,675","-4,705","-5,353","-6,134","-6,426","-5,941","-5,614","-5,174","-5,378","-5,772","-8,421","-15,611","-22,889","-22,295","-19,698","-17,784","-16,336","-13,179","-11,437","-10,005","22,885","7,170","-18,100","-31,687","-22,831","-12,539","-9,747","3,047","11,482","17,051","-3,424","-4,666","-5,698","-6,318","-7,014","-6,603","-5,740","-4,769","-5,000","-5,481","1,208","2,497",-441,"-1,541","-1,213",337,"1,443","2,070",155,"-2,360","29,534","30,223","15,047","13,916","18,393","18,326","26,256","33,846","21,631","7,382","7,797","4,262","-3,121","-3,700",-53,-165,"2,387","7,529","8,544","11,351",-738,-772,-913,"-1,032","-1,057","-1,033","-1,140","-1,203","-1,221","-1,242",-766,-780,"-1,039","-1,099",-933,-964,"-1,224","-1,373","-1,468","-1,577","-1,197","-1,398","-1,419","-1,407","-1,401","-1,338","-1,467","-1,673","-1,693","-1,690"
,,,,,,,,,,,,,,,,,,,,,,,,,,,,,,,,,,,,,,,,,,,,,,,,,,,,,,,,,,,,,,,,,,,,,,,,,,,,,,,,,,,,,,,,,,,,,,,,,,,,,,,,,,,,,,,,,,,,,,,,,,,,,,,,,,,,,,,,,,,,
Symbol legend:,,,,,,,,,,,,,,,,,,,,,,,,,,,,,,,,,,,,,,,,,,,,,,,,,,,,,,,,,,,,,,,,,,,,,,,,,,,,,,,,,,,,,,,,,,,,,,,,,,,,,,,,,,,,,,,,,,,,,,,,,,,,,,,,,,,,,,,,,,,,
..,  not available for a specific reference period,,,,,,,,,,,,,,,,,,,,,,,,,,,,,,,,,,,,,,,,,,,,,,,,,,,,,,,,,,,,,,,,,,,,,,,,,,,,,,,,,,,,,,,,,,,,,,,,,,,,,,,,,,,,,,,,,,,,,,,,,,,,,,,,,,,,,,,,,,,
,,,,,,,,,,,,,,,,,,,,,,,,,,,,,,,,,,,,,,,,,,,,,,,,,,,,,,,,,,,,,,,,,,,,,,,,,,,,,,,,,,,,,,,,,,,,,,,,,,,,,,,,,,,,,,,,,,,,,,,,,,,,,,,,,,,,,,,,,,,,
Footnotes:,,,,,,,,,,,,,,,,,,,,,,,,,,,,,,,,,,,,,,,,,,,,,,,,,,,,,,,,,,,,,,,,,,,,,,,,,,,,,,,,,,,,,,,,,,,,,,,,,,,,,,,,,,,,,,,,,,,,,,,,,,,,,,,,,,,,,,,,,,,,
1,,,,,,,,,,,,,,,,,,,,,,,,,,,,,,,,,,,,,,,,,,,,,,,,,,,,,,,,,,,,,,,,,,,,,,,,,,,,,,,,,,,,,,,,,,,,,,,,,,,,,,,,,,,,,,,,,,,,,,,,,,,,,,,,,,,,,,,,,,,,
"How to cite: Statistics Canada. Table 36-10-0450-01 Revenue, expenditure and budgetary balance - General governments, provincial and territorial economic accounts (x 1,000,000)",,,,,,,,,,,,,,,,,,,,,,,,,,,,,,,,,,,,,,,,,,,,,,,,,,,,,,,,,,,,,,,,,,,,,,,,,,,,,,,,,,,,,,,,,,,,,,,,,,,,,,,,,,,,,,,,,,,,,,,,,,,,,,,,,,,,,,,,,,,,
https://www150.statcan.gc.ca/t1/tbl1/en/tv.action?pid=3610045001,,,,,,,,,,,,,,,,,,,,,,,,,,,,,,,,,,,,,,,,,,,,,,,,,,,,,,,,,,,,,,,,,,,,,,,,,,,,,,,,,,,,,,,,,,,,,,,,,,,,,,,,,,,,,,,,,,,,,,,,,,,,,,,,,,,,,,,,,,,,
DOI: https://doi.org/10.25318/3610045001-eng,,,,,,,,,,,,,,,,,,,,,,,,,,,,,,,,,,,,,,,,,,,,,,,,,,,,,,,,,,,,,,,,,,,,,,,,,,,,,,,,,,,,,,,,,,,,,,,,,,,,,,,,,,,,,,,,,,,,,,,,,,,,,,,,,,,,,,,,,,,,
